-- --------------------------------------------------------
-- 호스트:                          127.0.0.1
-- 서버 버전:                        8.3.0 - MySQL Community Server - GPL
-- 서버 OS:                        Linux
-- HeidiSQL 버전:                  12.6.0.6765
-- --------------------------------------------------------

/*!40101 SET @OLD_CHARACTER_SET_CLIENT=@@CHARACTER_SET_CLIENT */;
/*!40101 SET NAMES utf8 */;
/*!50503 SET NAMES utf8mb4 */;
/*!40103 SET @OLD_TIME_ZONE=@@TIME_ZONE */;
/*!40103 SET TIME_ZONE='+00:00' */;
/*!40014 SET @OLD_FOREIGN_KEY_CHECKS=@@FOREIGN_KEY_CHECKS, FOREIGN_KEY_CHECKS=0 */;
/*!40101 SET @OLD_SQL_MODE=@@SQL_MODE, SQL_MODE='NO_AUTO_VALUE_ON_ZERO' */;
/*!40111 SET @OLD_SQL_NOTES=@@SQL_NOTES, SQL_NOTES=0 */;


-- NAROUDB 데이터베이스 구조 내보내기
CREATE DATABASE IF NOT EXISTS `NAROUDB` /*!40100 DEFAULT CHARACTER SET utf8mb4 COLLATE utf8mb4_0900_ai_ci */ /*!80016 DEFAULT ENCRYPTION='N' */;
USE `NAROUDB`;

-- 테이블 NAROUDB.article 구조 내보내기
CREATE TABLE IF NOT EXISTS `article` (
  `article_id` bigint NOT NULL AUTO_INCREMENT,
  `created_time` datetime(6) DEFAULT NULL,
  `modified_time` datetime(6) DEFAULT NULL,
  `likes` int NOT NULL DEFAULT '0',
  `people_number` int NOT NULL DEFAULT '1',
  `route` text CHARACTER SET utf8mb4 COLLATE utf8mb4_0900_ai_ci,
  `thumbnail_path` varchar(255) DEFAULT NULL,
  `title` varchar(255) NOT NULL,
  `view_cnt` int NOT NULL DEFAULT '0',
  `user_id` bigint DEFAULT NULL,
  `start_date` date DEFAULT NULL,
  `end_date` date DEFAULT NULL,
  PRIMARY KEY (`article_id`)
) ENGINE=InnoDB AUTO_INCREMENT=59 DEFAULT CHARSET=utf8mb4 COLLATE=utf8mb4_0900_ai_ci;

-- 테이블 데이터 NAROUDB.article:~44 rows (대략적) 내보내기
INSERT INTO `article` (`article_id`, `created_time`, `modified_time`, `likes`, `people_number`, `route`, `thumbnail_path`, `title`, `view_cnt`, `user_id`, `start_date`, `end_date`) VALUES
	(14, '2024-02-15 16:18:23.578447', NULL, 0, 1, '1|1|37.2914820379466|127.037464441138|경기 수원시 팔달구 우만동 248|봉녕사|1|2|37.28191449905621|127.01404118510901|경기 수원시 팔달구 남창동 6-2|화성행궁|1|3|37.287505800070726|127.01807378117873|경기 수원시 팔달구 매향동 151|방화수류정|1|4|37.27546918387393|127.02126744710107|경기 수원시 팔달구 지동 380|못골종합시장|1|5|37.25292507243592|127.07180216999025|경기 수원시 영통구 영통동 960-1|롯데마트 영통점|1|6|37.2273563142298|127.100069908373|경기 용인시 기흥구 고매동 539-1|캠프레이크|2|1|37.28779227367441|126.97647591542294|경기 수원시 장안구 천천동 430|일월수목원|2|2|37.28795128322583|127.01546097217603|경기 수원시 팔달구 북수동 15-1|백스트리트피자|', 'https://naroubucket.s3.ap-northeast-2.amazonaws.com/4fdce50c-thumbnail.png', '수원 여행 1박 2일 코스', 20, 2, '2024-01-09', '2024-01-10'),
	(15, '2024-02-15 16:38:58.071220', NULL, 0, 2, '1|1|37.579691878115554|127.01044475881706|서울 종로구 창신동 611-19|낙산공원|1|2|37.534561306656094|126.99580922812|서울 용산구 이태원동 119-23|이태원거리|2|1|37.5655638710672|126.97489475498901|서울 중구 정동 5-1|덕수궁|2|2|37.5703778574977|126.99993208243198|서울 종로구 종로4가 165-11|부촌육회|2|3|37.47988005042745|126.95559031095974|서울 관악구 봉천동 1601-22|사담|3|1|37.5516835548182|126.922172337916|서울 마포구 서교동 364-10|우와 홍대본점|3|2|37.5526691539486|126.90595191408198|서울 마포구 망원동 394-101|콜트 커피바|', 'https://naroubucket.s3.ap-northeast-2.amazonaws.com/06404fe6-KakaoTalk_20240215_161524906_03.jpg', '신나는 서울여행', 13, 2, '2023-12-04', '2023-12-06'),
	(16, '2024-02-15 16:45:07.232845', NULL, 0, 2, '3|1|37.55648205778569|126.92462550641248|서울 마포구 동교동 164-1|마라공방 홍대입구역직영점|3|2|37.5489587812498|126.91925781551888|서울 마포구 서교동 401-12|와인어클락|2|1|37.56322227774291|126.92583206046498|서울 마포구 연남동 228-11|쌉 연남점|2|2|37.56424349775501|126.925025159172|서울 마포구 연남동 223-88|퀸넬브릴|2|3|37.5456697109983|126.9846330654461|서울 용산구 용산동2가 1-555|해방식당|', 'https://naroubucket.s3.ap-northeast-2.amazonaws.com/75bd433f-KakaoTalk_20240215_161524906_14.jpg', '신나는 서울여행', 10, 2, '2024-02-06', '2024-02-07'),
	(17, '2024-02-15 16:59:56.871414', NULL, 0, 1, '1|1|36.321066443317974|127.41562618983822|대전 중구 문화동 1-166|시민칼국수|1|2|36.32765802936324|127.42727719121109|대전 중구 은행동 145-1|성심당 본점|', 'https://naroubucket.s3.ap-northeast-2.amazonaws.com/b9a90699-thumbnail.png', '당일치기 대전여행', 4, 2, '2024-02-05', '2024-02-05'),
	(18, '2024-02-15 17:46:56.338895', NULL, 0, 4, '1|1|33.5070789578184|126.49276900424401|제주특별자치도 제주시 용담2동 2002|제주국제공항|1|2|33.464929822085|126.53085403416202|제주특별자치도 제주시 오등동 778|제주귤사랑농장|2|1|33.50563877194622|126.4726047828175|제주특별자치도 제주시 도두일동|올레길 17코스(광령-제주원도심 올레)|2|2|33.50212628444589|126.52878521880345|제주특별자치도 제주시 이도일동 1260-11|원담|2|3|33.462815175619475|126.45555000178868|제주특별자치도 제주시 해안동 2159|예원이네귤농장|', 'https://naroubucket.s3.ap-northeast-2.amazonaws.com/bcedbf71-thumbnail.png', '제주도 가족 여행', 4, 2, '2024-02-13', '2024-02-14'),
	(19, '2024-02-15 17:52:23.678895', NULL, 0, 2, '1|1|37.55648205778569|126.92462550641248|서울 마포구 동교동 164-1|마라공방 홍대입구역직영점|1|2|37.55288697144742|126.92169351139519|서울 마포구 서교동 365-10|달콤왕가탕후루|2|1|37.56105618404159|126.925675753182|서울 마포구 연남동 382-19|연어롭다|', 'https://naroubucket.s3.ap-northeast-2.amazonaws.com/4f654c08-thumbnail.png', '홍대 맛집 소개합니다', 6, 2, '2024-02-13', '2024-02-14'),
	(20, '2024-02-15 18:08:25.942556', NULL, 0, 2, '1|1|33.4925495753769|126.430653500556|제주특별자치도 제주시 외도일동 418-11|제주명품쑥빵보리빵|1|2|33.40777177080081|126.25814964765202|제주특별자치도 제주시 한림읍 동명리 1715|앤트러사이트 제주한림점|1|3|33.3497486139127|126.18119997018302|제주특별자치도 제주시 한경면 신창리 301|3인칭관찰자시점|1|4|33.343081026740045|126.17420604655737|제주특별자치도 제주시 한경면 신창리 1322-1|신창풍차해안도로|1|5|33.3448722920323|126.17730111987402|제주특별자치도 제주시 한경면 신창리 1293-1|클랭블루|1|6|33.23699167041109|126.29936970578|제주특별자치도 서귀포시 안덕면 사계리 1586-1|스테이블 게스트하우스|2|1|33.24437894131443|126.30440962206518|제주특별자치도 서귀포시 안덕면 사계리 522-1|거멍국수|2|2|33.1968232389213|126.293075154019|제주특별자치도 서귀포시 대정읍 상모리|송악산둘레길|2|3|33.30591328662082|126.28948929546861|제주특별자치도 서귀포시 안덕면 서광리 1235-1|오설록 티뮤지엄|2|4|33.30377089594179|126.39247966305703|제주특별자치도 서귀포시 안덕면 상천리 380|본태박물관|2|5|33.26211833560329|126.413762410209|제주특별자치도 서귀포시 색달동 1898-1|색달바당|2|6|33.249553217685516|126.322522563947|제주특별자치도 서귀포시 안덕면 사계리 3593-8|양이주택|3|1|33.239222348615485|126.319192490757|제주특별자치도 서귀포시 안덕면 사계리 86|원앤온리|3|2|33.231468549725705|126.296525689007|제주특별자치도 서귀포시 안덕면 사계리 2820-4|춘미향식당|3|3|33.29033656869422|126.36819010853146|제주특별자치도 서귀포시 안덕면 상창리 271|카멜리아힐|3|4|33.5070789578184|126.49276900424401|제주특별자치도 제주시 용담2동 2002|제주국제공항|', 'https://naroubucket.s3.ap-northeast-2.amazonaws.com/ef0fda49-thumbnail.png', '[2박 3일] 제주도 우정여행! 만족도 100% 루트', 7, 2, '2023-03-02', '2023-03-04'),
	(21, '2024-02-15 18:08:27.808981', NULL, 0, 2, '1|1|33.4925495753769|126.430653500556|제주특별자치도 제주시 외도일동 418-11|제주명품쑥빵보리빵|1|2|33.40777177080081|126.25814964765202|제주특별자치도 제주시 한림읍 동명리 1715|앤트러사이트 제주한림점|1|3|33.3497486139127|126.18119997018302|제주특별자치도 제주시 한경면 신창리 301|3인칭관찰자시점|1|4|33.343081026740045|126.17420604655737|제주특별자치도 제주시 한경면 신창리 1322-1|신창풍차해안도로|1|5|33.3448722920323|126.17730111987402|제주특별자치도 제주시 한경면 신창리 1293-1|클랭블루|1|6|33.23699167041109|126.29936970578|제주특별자치도 서귀포시 안덕면 사계리 1586-1|스테이블 게스트하우스|2|1|33.24437894131443|126.30440962206518|제주특별자치도 서귀포시 안덕면 사계리 522-1|거멍국수|2|2|33.1968232389213|126.293075154019|제주특별자치도 서귀포시 대정읍 상모리|송악산둘레길|2|3|33.30591328662082|126.28948929546861|제주특별자치도 서귀포시 안덕면 서광리 1235-1|오설록 티뮤지엄|2|4|33.30377089594179|126.39247966305703|제주특별자치도 서귀포시 안덕면 상천리 380|본태박물관|2|5|33.26211833560329|126.413762410209|제주특별자치도 서귀포시 색달동 1898-1|색달바당|2|6|33.249553217685516|126.322522563947|제주특별자치도 서귀포시 안덕면 사계리 3593-8|양이주택|3|1|33.239222348615485|126.319192490757|제주특별자치도 서귀포시 안덕면 사계리 86|원앤온리|3|2|33.231468549725705|126.296525689007|제주특별자치도 서귀포시 안덕면 사계리 2820-4|춘미향식당|3|3|33.29033656869422|126.36819010853146|제주특별자치도 서귀포시 안덕면 상창리 271|카멜리아힐|3|4|33.5070789578184|126.49276900424401|제주특별자치도 제주시 용담2동 2002|제주국제공항|', 'https://naroubucket.s3.ap-northeast-2.amazonaws.com/7bf10c11-thumbnail.png', '[2박 3일] 제주도 우정여행! 만족도 100% 루트', 16, 2, '2023-03-02', '2023-03-04'),
	(22, '2024-02-15 18:11:31.821696', NULL, 0, 2, '2|1|37.54696472561027|127.04327258690955|서울 성동구 성수동1가 668-53|서울숲 포도피자 성수|2|2|37.5472791442568|127.04335424458299|서울 성동구 성수동1가 668-25|요거트아이스크림의정석|2|1|37.54369624294521|127.062606723249|서울 성동구 성수동2가 277-37|놀이엔터테인먼트|', 'https://naroubucket.s3.ap-northeast-2.amazonaws.com/711c26a6-thumbnail.png', '성수 맛집 소개합니다', 7, 2, '2024-02-13', '2024-02-14'),
	(23, '2024-02-15 18:26:05.644148', NULL, 0, 2, '1|1|37.54266404845569|127.048448029249|서울 성동구 성수동1가 656-1661|목금|1|2|37.5430267599584|127.05547968887798|서울 성동구 성수동2가 315-39|유스트레스|1|3|37.5428214746883|127.058905847636|서울 성동구 성수동2가 273-13|EQL GROVE 성수점|', 'https://naroubucket.s3.ap-northeast-2.amazonaws.com/96462e2a-thumbnail.png', '프로 지방러의 성수 구경', 1, 13, '2023-09-03', '2023-09-03'),
	(24, '2024-02-15 18:26:54.257855', NULL, 0, 2, '2|1|37.54548674803557|127.0686938728959|서울 광진구 화양동 32-17|정면|2|2|37.54621893130263|127.06770326854543|서울 광진구 화양동 31-4|오코노미야키식당하나|2|1|37.53943424343161|127.06478014892602|서울 광진구 자양동 857|해룡마라룽샤|', 'https://naroubucket.s3.ap-northeast-2.amazonaws.com/73ad5acf-thumbnail.png', '건대 맛집 소개합니다', 3, 2, '2024-02-13', '2024-02-14'),
	(25, '2024-02-15 18:31:26.943177', NULL, 0, 2, '2|1|37.5456697109983|126.9846330654461|서울 용산구 용산동2가 1-555|해방식당|2|1|37.544957963908|126.984961368291|서울 용산구 용산동2가 1-457|업스탠딩커피|2|2|37.5432890454418|126.97326147905702|서울 용산구 남영동 64-1|평화남영|', 'https://naroubucket.s3.ap-northeast-2.amazonaws.com/d2ebd340-thumbnail.png', '해방촌 맛집 소개합니다', 2, 2, '2024-02-13', '2024-02-14'),
	(26, '2024-02-15 18:35:19.869710', NULL, 0, 4, '1|1|37.64361033731261|127.4720015136902|경기 가평군 설악면 천안리 862|가평양떼목장|1|2|37.757354492784614|127.357970547082|경기 가평군 상면 행현리 산 187-4|구름산카페|2|1|37.83821283522194|127.50180315592065|경기 가평군 가평읍 경반리 2|한우암소골|2|2|37.71081495157709|127.40846740561902|경기 가평군 청평면 삼회리 33-1|청평자연휴양림|2|3|37.71499518010759|127.49053682305495|경기 가평군 청평면 고성리 616-2|쁘띠프랑스|', 'https://naroubucket.s3.ap-northeast-2.amazonaws.com/e8dcc40e-thumbnail.png', '가평 1박 2일 힐링 여행', 6, 14, '2024-02-03', '2024-02-04'),
	(27, '2024-02-15 18:36:30.248412', NULL, 0, 2, '2|1|37.5174793690754|126.90900497960898|서울 영등포구 영등포동3가 11-3|영등포 카페드람브르|2|2|37.50761465871491|126.960109240208|서울 동작구 흑석동 190-18|백소정 중앙대점|2|1|37.54492067398495|127.06911656223306|서울 광진구 화양동 16-37|골든라이언|', 'https://naroubucket.s3.ap-northeast-2.amazonaws.com/31a64e25-thumbnail.png', '서촌 맛집 소개합니다', 3, 2, '2024-02-13', '2024-02-14'),
	(28, '2024-02-15 18:40:06.564444', NULL, 0, 2, '2|1|37.57362545661949|126.98926289825586|서울 종로구 낙원동 82-3|반기다|2|2|37.57362545661949|126.98926289825586|서울 종로구 낙원동 82-3|반기다|', 'https://naroubucket.s3.ap-northeast-2.amazonaws.com/1ea2f8ca-thumbnail.png', '맛집 소개 간다 1트', 1, 2, '2024-02-15', '2024-02-15'),
	(29, '2024-02-15 18:41:22.903955', NULL, 0, 2, '2|1|37.5654761335543|126.99148369507098|서울 중구 을지로3가 320-24|드므|2|2|37.5654761335543|126.99148369507098|서울 중구 을지로3가 320-24|드므|', 'https://naroubucket.s3.ap-northeast-2.amazonaws.com/d459c099-thumbnail.png', '맛집 소개 간다 2트', 2, 2, '2024-02-15', '2024-02-15'),
	(30, '2024-02-15 18:42:14.108548', NULL, 0, 2, '2|1|37.47852615660984|126.97986450334483|서울 동작구 사당동 1032-48|미스피츠|', 'https://naroubucket.s3.ap-northeast-2.amazonaws.com/977f3cd7-thumbnail.png', '맛집 소개 간다 3트', 2, 2, '2024-02-15', '2024-02-15'),
	(31, '2024-02-15 18:44:36.214560', NULL, 0, 2, '2|1|37.58412970766146|127.0024771828397|서울 종로구 혜화동 163-33|술비|2|2|37.54987644391521|126.91729907277299|서울 마포구 서교동 395-65|올드타운 홍대점|', 'https://naroubucket.s3.ap-northeast-2.amazonaws.com/2b74816c-thumbnail.png', '맛집 소개 간다 4트', 0, 2, '2024-02-15', '2024-02-15'),
	(32, '2024-02-15 18:47:16.992267', NULL, 0, 2, '2|1|37.51048446489971|127.026734732025|서울 강남구 논현동 147|bpb|2|2|37.534078188601|126.99222494639099|서울 용산구 이태원동 72-33|트로이카|', 'https://naroubucket.s3.ap-northeast-2.amazonaws.com/792e0013-thumbnail.png', '맛집 소개 간다 5트', 2, 2, '2024-02-15', '2024-02-15'),
	(33, '2024-02-15 18:48:27.381499', NULL, 0, 2, '2|1|37.54099054939006|126.9446236562632|서울 마포구 용강동 508|우동이요이요|', 'https://naroubucket.s3.ap-northeast-2.amazonaws.com/ca093bca-thumbnail.png', '맛집 소개 간다 6트', 0, 2, '2024-02-15', '2024-02-15'),
	(34, '2024-02-15 18:50:59.775459', NULL, 0, 2, '2|1|37.5655114189168|127.01583281888|서울 중구 흥인동 114|우미회전초밥 신당점|2|2|37.5209145587415|127.02200433177002|서울 강남구 신사동 520-7|어썸로즈|', 'https://naroubucket.s3.ap-northeast-2.amazonaws.com/0f41a495-thumbnail.png', '맛집 소개 간다 7트', 2, 2, '2024-02-15', '2024-02-15'),
	(35, '2024-02-15 18:53:02.410809', NULL, 0, 2, '2|1|37.5473749926829|126.922190396995|서울 마포구 상수동 325-2|루시드 서울|2|2|37.5473749926829|126.922190396995|서울 마포구 상수동 325-2|루시드 서울|', 'https://naroubucket.s3.ap-northeast-2.amazonaws.com/98451154-thumbnail.png', '맛집 소개 간다 8트', 5, 2, '2024-02-15', '2024-02-15'),
	(36, '2024-02-15 18:53:15.806758', NULL, 0, 2, '2|1|37.5473749926829|126.922190396995|서울 마포구 상수동 325-2|루시드 서울|2|2|37.5473749926829|126.922190396995|서울 마포구 상수동 325-2|루시드 서울|', 'https://naroubucket.s3.ap-northeast-2.amazonaws.com/3c09e3c1-thumbnail.png', '맛집 소개 간다 8트', 7, 2, '2024-02-15', '2024-02-15'),
	(38, '2024-02-15 20:02:10.644566', NULL, 0, 2, '1|1|37.49843286149087|127.02562896506164|서울 서초구 서초동 1317-31|반티엔야오 카오위 강남점|', 'https://naroubucket.s3.ap-northeast-2.amazonaws.com/9ee12646-thumbnail.png', '맛집 소개합니다', 3, 10, '2024-02-15', '2024-02-15'),
	(39, '2024-02-15 20:04:42.709450', NULL, 0, 3, '1|1|37.51033932123959|127.10863980753099|서울 송파구 송파동 55-7|인딕슬로우 송리단길점|1|2|37.5154054925924|127.10980090174901|서울 송파구 방이동 37-8|고반식당 송파방이점|2|1|37.51256379693133|127.10167102222724|서울 송파구 신천동 29|고디바 롯데잠실에비뉴엘점|', 'https://naroubucket.s3.ap-northeast-2.amazonaws.com/60857f37-thumbnail.png', '잠실 이거보다 좋은 루트 없음', 3, 13, '2024-02-15', '2024-02-16'),
	(40, '2024-02-15 20:07:02.305052', NULL, 0, 2, '1|1|37.49754586043711|127.03109297342301|서울 강남구 역삼동 824-25|게새장터|1|2|37.54301166530056|127.0550044286049|서울 성동구 성수동2가 315-49|소바식당 성수점|', 'https://naroubucket.s3.ap-northeast-2.amazonaws.com/bb6afc1a-thumbnail.png', '강남역 근처 맛집 소개', 2, 10, '2024-02-15', '2024-02-15'),
	(41, '2024-02-15 20:07:02.342372', NULL, 0, 2, '1|1|37.49754586043711|127.03109297342301|서울 강남구 역삼동 824-25|게새장터|1|2|37.54301166530056|127.0550044286049|서울 성동구 성수동2가 315-49|소바식당 성수점|', 'https://naroubucket.s3.ap-northeast-2.amazonaws.com/e96383e3-thumbnail.png', '강남역 근처 맛집 소개', 11, 10, '2024-02-15', '2024-02-15'),
	(42, '2024-02-15 20:12:27.433735', NULL, 0, 2, '2|1|37.53788986046639|127.06652466799225|서울 광진구 자양동 851-20|송화산시도삭면 본점|2|2|37.539697888964525|127.06701734324294|서울 광진구 자양동 9-4|CGV 건대입구|', 'https://naroubucket.s3.ap-northeast-2.amazonaws.com/2014feae-thumbnail.png', '건대에 언제 갈 건데?', 19, 13, '2024-02-01', '2024-02-01'),
	(43, '2024-02-15 20:17:32.296395', NULL, 0, 6, '2|1|37.49635567053331|127.03995035909001|서울 강남구 역삼동 734-21|송송카레|2|2|37.495420471560514|127.03981416167038|서울 강남구 역삼동 769-12|탐앤탐스 역삼점|', 'https://naroubucket.s3.ap-northeast-2.amazonaws.com/6b84e9c8-thumbnail.png', '프로젝트 전 날 밤새기 위한 장소', 4, 13, '2024-02-15', '2024-02-15'),
	(44, '2024-02-15 20:23:18.480753', NULL, 0, 2, '1|1|37.55894902865886|126.80286551968986|서울 강서구 공항동 1373|김포국제공항 국내선|1|2|35.162568283227905|128.98872471428808|부산 사상구 괘법동 429-1|사상역|1|3|35.1554466988384|129.06256936376738|부산 부산진구 전포동 682|전포카페거리|2|1|35.1505714847838|129.11595445244214|부산 수영구 광안동 200-4|까사부사노 광안점|2|2|35.136691424609396|129.11691150150264|부산 수영구 남천동|광안대교|2|3|35.17212547743401|129.11624848521865|부산 수영구 수영동 481-2|마린시티|2|4|35.15685370308991|129.1256634767187|부산 수영구 민락동 181-56|광안태양|3|1|35.20859585721525|129.0083042143886|부산 북구 덕천동 432-17|스시쿠도쿠|3|2|35.17319970265189|128.94672873774698|부산 강서구 대저2동 2350|김해국제공항|', 'https://naroubucket.s3.ap-northeast-2.amazonaws.com/3d75a8d2-thumbnail.png', '부산 여행기', 9, 10, '2024-02-13', '2024-02-15'),
	(45, '2024-02-15 20:29:28.044428', NULL, 0, 2, '1|1|36.98249105050287|128.36998217032937|충북 단양군 단양읍 도전리 615|단양구경시장|1|2|36.9851719499407|128.37695665499217|충북 단양군 단양읍 고수리 166|단양양방산패러글라이딩|', 'https://naroubucket.s3.ap-northeast-2.amazonaws.com/fc245d21-thumbnail.png', '당일치기 단양 여행', 4, 10, '2024-02-13', '2024-02-13'),
	(46, '2024-02-15 20:34:12.273053', NULL, 0, 6, '1|1|37.50314115836914|127.05155406176743|서울 강남구 대치동 897-27|미쓰양꼬치|1|2|37.502799170161|127.05064342127699|서울 강남구 대치동 897-9|돈그리아|1|3|37.502632458458024|127.05070324827132|서울 강남구 대치동 897-10|카발|1|4|37.50290383129168|127.05237835376317|서울 강남구 대치동 900-24|땅코참숯구이 선릉점|', 'https://naroubucket.s3.ap-northeast-2.amazonaws.com/c23d0a20-thumbnail.png', '선릉상상회식', 3, 13, '2024-02-16', '2024-02-16'),
	(47, '2024-02-15 20:37:58.885350', NULL, 0, 2, '1|1|37.77330052721161|128.91220542621636|강원특별자치도 강릉시 포남동 1072-7|금천칼국수|1|2|37.77226175953761|128.9482754051378|강원특별자치도 강릉시 견소동 286-10|안목해변|2|1|37.77204572857532|128.94782940821176|강원특별자치도 강릉시 견소동 168|보사노바 커피로스터스 강릉점|', 'https://naroubucket.s3.ap-northeast-2.amazonaws.com/6c58e48e-thumbnail.png', '1박2일 강릉 여행기', 4, 10, '2024-02-14', '2024-02-15'),
	(48, '2024-02-15 20:40:03.259339', NULL, 0, 3, '1|1|37.5516835548182|126.922172337916|서울 마포구 서교동 364-10|우와 홍대본점|', 'https://naroubucket.s3.ap-northeast-2.amazonaws.com/e7035bea-thumbnail.png', '맛있는 음식점 추천', 5, 10, '2024-02-15', '2024-02-15'),
	(49, '2024-02-15 20:40:44.831504', NULL, 0, 2, '1|1|37.499401244868494|127.039436297067|서울 강남구 역삼동 725-12|고갯마루|1|2|37.49722788987879|127.034053418308|서울 강남구 역삼동 741-8|모퉁이식당|', 'https://naroubucket.s3.ap-northeast-2.amazonaws.com/f06efa61-thumbnail.png', '역시나역삼은역시군', 3, 13, '2023-09-01', '2023-09-02'),
	(50, '2024-02-15 20:44:54.878304', NULL, 0, 1, '1|1|36.479097284306604|127.34412860434|세종특별자치시 금남면 대박리 90-4|콩대박|1|2|36.67198590355357|127.21011242055079|세종특별자치시 전동면 송성리 9|베어트리파크|1|3|36.60826008253011|127.2389357862106|세종특별자치시 연서면 고복리 산 36-1|고복자연공원|1|4|36.434137033068396|127.22954936165344|세종특별자치시 금남면 도남리 2-2|금강자연휴양림|', 'https://naroubucket.s3.ap-northeast-2.amazonaws.com/ab1ae092-thumbnail.png', '세종 당일치기', 4, 14, '2024-02-06', '2024-02-06'),
	(51, '2024-02-15 20:55:51.390884', NULL, 0, 2, '1|1|37.48936514111491|127.068855477868|서울 강남구 개포동 186-17|연스시|1|2|37.4889760738408|127.068255381669|서울 강남구 개포동 186-9|장군주먹고기 2호점|1|3|37.4888610883292|127.06765825263|서울 강남구 개포동 186-11|을지로만선호프 개포점|1|4|37.48872571776358|127.06804031593335|서울 강남구 개포동 186-5|빨간오뎅부산어묵 개포점|2|1|37.483801515943|127.06008736784699|서울 강남구 개포동 171|리애 개포점|', 'https://naroubucket.s3.ap-northeast-2.amazonaws.com/896ca2b1-thumbnail.png', '개포동맛집다니니까개포동해짐ㅋㅋ', 7, 13, '2024-02-09', '2024-02-10'),
	(52, '2024-02-15 20:55:58.660283', NULL, 0, 5, '1|1|34.88561198854289|127.509555018979|전남 순천시 대대동 162-2|순천만습지|1|2|34.9584569682125|127.53824421312402|전남 순천시 조례동 23|순천드라마촬영장|1|3|34.843940904414296|127.343415036623|전남 보성군 벌교읍 벌교리 640-2|보성여관|1|4|34.7156527529844|127.07877484232701|전남 보성군 보성읍 봉산리 1288-1|대한다원 본사|2|1|34.67002619469291|127.08902041487755|전남 보성군 회천면 동율리 678|율포해수욕장|2|2|34.631567491891|127.02931442858699|전남 장흥군 안양면 수문리 173|전남장흥키조개마을|2|3|34.668118858958|126.933782282922|전남 장흥군 장흥읍 우산리 산 20-1|정남진편백숲우드랜드|', 'https://naroubucket.s3.ap-northeast-2.amazonaws.com/7d2e8f20-thumbnail.png', '전남 가족코스여행', 6, 14, '2024-01-18', '2024-01-19'),
	(53, '2024-02-15 21:00:56.354730', NULL, 0, 2, '2|1|37.489836469233886|127.0837643008172|서울 강남구 일원동 666-2|대청뼈다귀감자탕|2|2|37.4895655830463|127.08202831461402|서울 강남구 일원동 685-7|신의주찹쌀순대|', 'https://naroubucket.s3.ap-northeast-2.amazonaws.com/2399074c-thumbnail.png', '일원동에선거스름돈을일원짜리로준다는데진짜게아니게맞춰보셈', 8, 13, '2024-02-02', '2024-02-02'),
	(54, '2024-02-15 21:04:29.047501', NULL, 0, 2, '1|1|37.47553645805066|126.6186319858808|인천 중구 북성동2가 14|인천차이나타운|1|2|37.4462920026041|126.37273704310599|인천 중구 을왕동 717-12|을왕리해수욕장|1|3|37.47145021280801|126.59633409598895|인천 중구 북성동1가 98-580|월미테마파크|2|1|37.388709805875195|126.64683628072743|인천 연수구 송도동 6-1|송도컨벤시아|2|2|35.31889147136486|128.26065586651694|경남 의령군 의령읍 서동리 491-23|화정소바|', 'https://naroubucket.s3.ap-northeast-2.amazonaws.com/65722fa3-thumbnail.png', '인천여행', 3, 14, '2023-12-14', '2023-12-15'),
	(55, '2024-02-15 21:13:54.371297', NULL, 0, 4, '2|1|36.5768251997109|126.46441956605801|충남 홍성군 서부면 상황리 628-2|속동전망대|2|2|36.53693199820091|126.46889360331201|충남 홍성군 서부면 남당리 863|남당항|2|3|36.44361285781701|126.529054933366|충남 보령시 오천면 소성리 60-14|보령방조제|2|4|36.4396121004114|126.52279770856998|충남 보령시 오천면 소성리 661-1|충청수영성|2|5|36.5593480287007|126.375062567838|충남 태안군 안면읍 정당리 178-7|안면암|2|6|36.497182079394506|126.336020530277|충남 태안군 안면읍 승언리 339-285|꽃지해수욕장|', 'https://naroubucket.s3.ap-northeast-2.amazonaws.com/da643ee5-thumbnail.png', '안면도드가자', 12, 14, '2024-01-28', '2024-01-28'),
	(56, '2024-02-15 21:28:45.346743', NULL, 0, 3, '1|1|35.990581009119204|127.10261889854898|전북특별자치도 익산시 왕궁면 동용리 641|익산보석박물관|1|2|35.97384571886601|127.054935250458|전북특별자치도 익산시 왕궁면 왕궁리 562|왕궁리유적|1|3|36.01082380655706|127.02746491923894|전북특별자치도 익산시 금마면 기양리 104-1|국립익산박물관|1|4|36.0115202367512|127.024319312899|전북특별자치도 익산시 금마면 기양리 135-18|맛동순두부|1|5|36.0124162512757|127.031276915824|전북특별자치도 익산시 금마면 기양리 32-2|익산미륵사지|1|6|35.9503452570003|126.97598541619351|전북특별자치도 익산시 영등동 191-1|웨스턴라이프호텔|1|7|36.13397622124286|126.92930859456045|전북특별자치도 익산시 용안면 난포리 313-13|용안생태습지공원|1|8|36.005871926761|126.94487838349902|전북특별자치도 익산시 황등면 황등리 902-11|진미식당|', 'https://naroubucket.s3.ap-northeast-2.amazonaws.com/300e1f27-thumbnail.png', '익산으로의 나들이', 7, 14, '2024-02-02', '2024-02-02'),
	(57, '2024-02-15 21:30:18.275252', NULL, 0, 2, '1|1|33.4925495753769|126.430653500556|제주특별자치도 제주시 외도일동 418-11|제주명품쑥빵보리빵|1|2|33.40777177080081|126.25814964765202|제주특별자치도 제주시 한림읍 동명리 1715|앤트러사이트 제주한림점|1|3|33.3497486139127|126.18119997018302|제주특별자치도 제주시 한경면 신창리 301|3인칭관찰자시점|1|4|33.3448722920323|126.17730111987402|제주특별자치도 제주시 한경면 신창리 1293-1|클랭블루|1|5|33.343081026740045|126.17420604655737|제주특별자치도 제주시 한경면 신창리 1322-1|신창풍차해안도로|1|6|33.23699167041109|126.29936970578|제주특별자치도 서귀포시 안덕면 사계리 1586-1|스테이블 게스트하우스|2|1|33.24437894131443|126.30440962206518|제주특별자치도 서귀포시 안덕면 사계리 522-1|거멍국수|2|2|33.1968232389213|126.293075154019|제주특별자치도 서귀포시 대정읍 상모리|송악산둘레길|2|3|33.30591328662082|126.28948929546861|제주특별자치도 서귀포시 안덕면 서광리 1235-1|오설록 티뮤지엄|2|4|33.30377089594179|126.39247966305703|제주특별자치도 서귀포시 안덕면 상천리 380|본태박물관|2|5|33.26211833560329|126.413762410209|제주특별자치도 서귀포시 색달동 1898-1|색달바당|2|6|33.249553217685516|126.322522563947|제주특별자치도 서귀포시 안덕면 사계리 3593-8|양이주택|3|1|33.239222348615485|126.319192490757|제주특별자치도 서귀포시 안덕면 사계리 86|원앤온리|3|2|33.231468549725705|126.296525689007|제주특별자치도 서귀포시 안덕면 사계리 2820-4|춘미향식당|3|3|33.29033656869422|126.36819010853146|제주특별자치도 서귀포시 안덕면 상창리 271|카멜리아힐|3|4|33.5070789578184|126.49276900424401|제주특별자치도 제주시 용담2동 2002|제주국제공항|', 'https://naroubucket.s3.ap-northeast-2.amazonaws.com/b25f4072-thumbnail.png', '[2박 3일] 제주 남서 완벽 정복! 이대로만 가세요', 12, 13, '2023-03-02', '2023-03-04'),
	(58, '2024-02-15 21:34:30.646499', NULL, 0, 4, '1|1|33.2450381505136|126.41149867488902|제주특별자치도 서귀포시 색달동 3039|중문색달해수욕장|1|2|33.25029594575548|126.412163077718|제주특별자치도 서귀포시 색달동 2889|테디베어뮤지엄 제주점|1|3|33.2458352639585|126.420734158755|제주특별자치도 서귀포시 중문동 2624-1|제주중문관광단지|', 'https://naroubucket.s3.ap-northeast-2.amazonaws.com/9d7765ad-thumbnail.png', '제주도 4인팟', 5, 14, '2024-02-06', '2024-02-06');

-- 테이블 NAROUDB.article_to_tag 구조 내보내기
CREATE TABLE IF NOT EXISTS `article_to_tag` (
  `article_to_tag_id` bigint NOT NULL AUTO_INCREMENT,
  `article_id` bigint DEFAULT NULL,
  `tag_id` bigint DEFAULT NULL,
  PRIMARY KEY (`article_to_tag_id`),
  KEY `FKqg870wni2fvqt4otp75p8vq23` (`article_id`),
  KEY `FK1ihg85wgla9e8gwqhysj9fmut` (`tag_id`),
  CONSTRAINT `FK1ihg85wgla9e8gwqhysj9fmut` FOREIGN KEY (`tag_id`) REFERENCES `tag` (`tag_id`),
  CONSTRAINT `FKqg870wni2fvqt4otp75p8vq23` FOREIGN KEY (`article_id`) REFERENCES `article` (`article_id`)
) ENGINE=InnoDB AUTO_INCREMENT=158 DEFAULT CHARSET=utf8mb4 COLLATE=utf8mb4_0900_ai_ci;

-- 테이블 데이터 NAROUDB.article_to_tag:~14 rows (대략적) 내보내기
INSERT INTO `article_to_tag` (`article_to_tag_id`, `article_id`, `tag_id`) VALUES
	(23, 14, 4),
	(24, 15, 8),
	(25, 15, 5),
	(26, 15, 4),
	(27, 15, 16),
	(28, 16, 8),
	(29, 16, 5),
	(30, 16, 4),
	(31, 16, 17),
	(32, 17, 18),
	(33, 18, 6),
	(34, 18, 8),
	(35, 18, 14),
	(36, 19, 8),
	(37, 19, 17),
	(38, 19, 4),
	(39, 20, 6),
	(40, 20, 19),
	(41, 20, 14),
	(42, 20, 20),
	(43, 21, 6),
	(44, 21, 19),
	(45, 21, 14),
	(46, 21, 20),
	(47, 22, 8),
	(48, 22, 4),
	(49, 22, 5),
	(50, 23, 21),
	(51, 23, 22),
	(52, 24, 8),
	(53, 24, 4),
	(54, 24, 5),
	(55, 25, 8),
	(56, 25, 4),
	(57, 25, 5),
	(58, 26, 4),
	(59, 26, 23),
	(60, 27, 8),
	(61, 27, 4),
	(62, 27, 5),
	(63, 28, 8),
	(64, 28, 4),
	(65, 28, 5),
	(66, 29, 8),
	(67, 29, 4),
	(68, 29, 5),
	(69, 30, 8),
	(70, 30, 4),
	(71, 30, 5),
	(72, 31, 8),
	(73, 31, 4),
	(74, 31, 5),
	(75, 32, 8),
	(76, 32, 4),
	(77, 32, 5),
	(78, 33, 8),
	(79, 33, 4),
	(80, 33, 5),
	(81, 34, 8),
	(82, 34, 4),
	(83, 34, 5),
	(84, 35, 8),
	(85, 35, 4),
	(86, 35, 5),
	(87, 36, 8),
	(88, 36, 4),
	(89, 36, 5),
	(90, 38, 4),
	(91, 38, 5),
	(92, 38, 8),
	(93, 39, 10),
	(94, 39, 24),
	(95, 40, 4),
	(96, 40, 5),
	(97, 40, 8),
	(98, 40, 16),
	(99, 41, 4),
	(100, 41, 5),
	(101, 41, 8),
	(102, 41, 16),
	(103, 42, 25),
	(104, 42, 8),
	(105, 42, 24),
	(106, 42, 22),
	(107, 43, 26),
	(108, 43, 27),
	(109, 43, 24),
	(110, 43, 28),
	(111, 43, 29),
	(112, 43, 30),
	(113, 44, 4),
	(114, 44, 5),
	(115, 44, 31),
	(116, 45, 14),
	(117, 45, 4),
	(118, 46, 26),
	(119, 46, 32),
	(120, 46, 24),
	(121, 46, 33),
	(122, 46, 34),
	(123, 46, 35),
	(124, 46, 36),
	(125, 46, 37),
	(126, 46, 38),
	(127, 47, 12),
	(128, 47, 4),
	(129, 48, 8),
	(130, 48, 17),
	(131, 48, 5),
	(132, 49, 26),
	(133, 49, 36),
	(134, 49, 37),
	(135, 49, 38),
	(136, 49, 27),
	(137, 49, 24),
	(138, 50, 39),
	(139, 51, 26),
	(140, 51, 40),
	(141, 51, 22),
	(142, 51, 41),
	(143, 52, 42),
	(144, 53, 26),
	(145, 53, 43),
	(146, 53, 44),
	(147, 53, 45),
	(148, 53, 22),
	(149, 54, 46),
	(150, 55, 4),
	(151, 56, 4),
	(152, 57, 6),
	(153, 57, 14),
	(154, 57, 47),
	(155, 57, 22),
	(156, 57, 48),
	(157, 58, 6);

-- 테이블 NAROUDB.chat_message 구조 내보내기
CREATE TABLE IF NOT EXISTS `chat_message` (
  `message_id` bigint unsigned NOT NULL AUTO_INCREMENT,
  `room_id` bigint unsigned NOT NULL,
  `user_id` bigint unsigned NOT NULL,
  `content` text NOT NULL,
  `created_time` datetime NOT NULL,
  `modified_time` datetime DEFAULT CURRENT_TIMESTAMP,
  `content_type` enum('ARTICLE','TEXT') DEFAULT NULL,
  PRIMARY KEY (`message_id`),
  KEY `message_writer_idx` (`user_id`),
  KEY `assigned_room_idx` (`room_id`),
  CONSTRAINT `assigned_room` FOREIGN KEY (`room_id`) REFERENCES `chat_room` (`room_id`),
  CONSTRAINT `message_writer` FOREIGN KEY (`user_id`) REFERENCES `member` (`user_id`)
) ENGINE=InnoDB DEFAULT CHARSET=utf8mb4 COLLATE=utf8mb4_0900_ai_ci;

-- 테이블 데이터 NAROUDB.chat_message:~0 rows (대략적) 내보내기

-- 테이블 NAROUDB.chat_room 구조 내보내기
CREATE TABLE IF NOT EXISTS `chat_room` (
  `room_id` bigint unsigned NOT NULL AUTO_INCREMENT,
  `room_name` varchar(40) NOT NULL,
  `created_time` datetime(6) DEFAULT NULL,
  `modified_time` datetime(6) DEFAULT NULL,
  PRIMARY KEY (`room_id`),
  UNIQUE KEY `room_name_UNIQUE` (`room_name`)
) ENGINE=InnoDB DEFAULT CHARSET=utf8mb4 COLLATE=utf8mb4_0900_ai_ci;

-- 테이블 데이터 NAROUDB.chat_room:~0 rows (대략적) 내보내기

-- 테이블 NAROUDB.comment 구조 내보내기
CREATE TABLE IF NOT EXISTS `comment` (
  `comment_id` bigint NOT NULL AUTO_INCREMENT,
  `created_time` datetime(6) DEFAULT NULL,
  `modified_time` datetime(6) DEFAULT NULL,
  `content` varchar(255) DEFAULT NULL,
  `deleted` int DEFAULT NULL,
  `article_id` bigint DEFAULT NULL,
  `user_id` bigint DEFAULT NULL,
  PRIMARY KEY (`comment_id`),
  KEY `FK5yx0uphgjc6ik6hb82kkw501y` (`article_id`),
  CONSTRAINT `FK5yx0uphgjc6ik6hb82kkw501y` FOREIGN KEY (`article_id`) REFERENCES `article` (`article_id`)
) ENGINE=InnoDB AUTO_INCREMENT=20 DEFAULT CHARSET=utf8mb4 COLLATE=utf8mb4_0900_ai_ci;

-- 테이블 데이터 NAROUDB.comment:~6 rows (대략적) 내보내기
INSERT INTO `comment` (`comment_id`, `created_time`, `modified_time`, `content`, `deleted`, `article_id`, `user_id`) VALUES
	(8, '2024-02-15 16:20:09.016656', NULL, '이쁘죠?', 0, 14, 14),
	(9, '2024-02-15 16:22:16.626847', '2024-02-15 18:04:04.064007', '오 ㅋㅋ', 1, 14, 15),
	(10, '2024-02-15 16:23:05.913588', '2024-02-15 16:23:13.840928', 'ㅋㅋㅋㅋㅋㅋㅋㅋㅋㅋㅋㅋㅋ', 1, 14, 15),
	(11, '2024-02-15 16:23:21.147554', NULL, 'ㅎㅎ', 0, 14, 15),
	(12, '2024-02-15 17:01:11.157311', NULL, '와 멋저요', 0, 15, 14),
	(13, '2024-02-15 18:03:27.846889', NULL, '와 맛있겠다.......................', 0, 19, 15),
	(14, '2024-02-15 18:04:00.885621', NULL, '피자 최고!', 0, 14, 15),
	(15, '2024-02-15 18:06:33.577280', NULL, '^^;;; 혼자만 맛있는 거 드시네요....;;; 😅', 0, 16, 15),
	(16, '2024-02-15 18:07:00.388137', NULL, '그만 맛있는 거 드세요!', 0, 15, 15),
	(17, '2024-02-15 18:08:00.075793', NULL, '왜 나 빼고 가?', 0, 18, 15),
	(18, '2024-02-15 18:12:24.905973', NULL, '정말 맛집을 많이 가시네요....................😀', 0, 22, 15),
	(19, '2024-02-15 18:48:16.821781', NULL, '가평 여행 추천합니다👍', 0, 26, 14);

-- 테이블 NAROUDB.feed 구조 내보내기
CREATE TABLE IF NOT EXISTS `feed` (
  `feed_id` bigint NOT NULL AUTO_INCREMENT,
  `address` varchar(255) DEFAULT NULL,
  `content` varchar(255) DEFAULT NULL,
  `file_path` longtext CHARACTER SET utf8mb4 COLLATE utf8mb4_0900_ai_ci,
  `file_type` varchar(255) DEFAULT NULL,
  `latitude` double DEFAULT NULL,
  `location` varchar(255) DEFAULT NULL,
  `longitude` double DEFAULT NULL,
  `date` int DEFAULT NULL,
  `sequence` int DEFAULT NULL,
  `article_id` bigint DEFAULT NULL,
  PRIMARY KEY (`feed_id`),
  KEY `FK1egytbynwxy6chcaxla531abj` (`article_id`),
  CONSTRAINT `FK1egytbynwxy6chcaxla531abj` FOREIGN KEY (`article_id`) REFERENCES `article` (`article_id`)
) ENGINE=InnoDB AUTO_INCREMENT=214 DEFAULT CHARSET=utf8mb4 COLLATE=utf8mb4_0900_ai_ci;

-- 테이블 데이터 NAROUDB.feed:~187 rows (대략적) 내보내기
INSERT INTO `feed` (`feed_id`, `address`, `content`, `file_path`, `file_type`, `latitude`, `location`, `longitude`, `date`, `sequence`, `article_id`) VALUES
	(27, '경기 수원시 팔달구 우만동 248', '수원 여행의 첫번재 코스는 절에 가서 새해를 뜻깊게 맞이하려고 다녀왔어요. 실은 그것보단 거리상 이 코스가 제일 잘 맞을 것 같아 다녀왔어요.', 'https://naroubucket.s3.ap-northeast-2.amazonaws.com/e2631798-feed.png', '', 37.2914820379466, '봉녕사', 127.037464441138, 1, 1, 14),
	(28, '경기 수원시 팔달구 남창동 6-2', '눈이 오면 정말 나가기 싫을 수 있으나 저와 같은 풍경을 보고 싶은 수원 근교 거주자들은 꼭 나가서 관람하고 오시길 추천드릴게요.', 'https://naroubucket.s3.ap-northeast-2.amazonaws.com/264acaab-feed.png', '', 37.28191449905621, '화성행궁', 127.01404118510901, 1, 2, 14),
	(29, '경기 수원시 팔달구 매향동 151', '적극 추천드리며 겨울이 아니면 피크닉을 즐길 수 있는 여유의 공간이기에 더욱 더 추천드려요!', 'https://naroubucket.s3.ap-northeast-2.amazonaws.com/9ae8170f-feed.png', '', 37.287505800070726, '방화수류정', 127.01807378117873, 1, 3, 14),
	(30, '경기 수원시 팔달구 지동 380', '수원은 남문시장이 유명하더라구요. 마치 시장이지만 여러개의 브랜드가 모인 편집샵같아요. 그래서 이곳도 여러개의 시장이 모여 하나를 이루는 구조랍니다.', 'https://naroubucket.s3.ap-northeast-2.amazonaws.com/be2794e2-feed.png', '', 37.27546918387393, '못골종합시장', 127.02126744710107, 1, 4, 14),
	(31, '경기 수원시 영통구 영통동 960-1', '이날 폭설이 내려서 예기치못하게 생각보다 힘들더라구요. 그럼에도 롯데마트에 하루를 보낼 맛있는 식량들은 잘 구매할 수 있었어요!', 'https://naroubucket.s3.ap-northeast-2.amazonaws.com/e13d2815-feed.png', '', 37.25292507243592, '롯데마트 영통점', 127.07180216999025, 1, 5, 14),
	(32, '경기 용인시 기흥구 고매동 539-1', '드디어 도착한 수원 여행 중에서의 온전한 휴식시간이에요.', 'https://naroubucket.s3.ap-northeast-2.amazonaws.com/69417718-feed.png', '', 37.2273563142298, '캠프레이크', 127.100069908373, 1, 6, 14),
	(33, '경기 수원시 장안구 천천동 430', '저는 무엇보다 온실의 스타일이 이곳이 가장 마음에 들었어요! 그래서 더욱 행복한 수원 식물원 타임이었나봐요.', 'https://naroubucket.s3.ap-northeast-2.amazonaws.com/ccff66ad-feed.png', '', 37.28779227367441, '일월수목원', 126.97647591542294, 2, 1, 14),
	(34, '경기 수원시 팔달구 북수동 15-1', '브런치를 먹을까 고민하다 메뉴를 포기하고 오게 된 피자집이에요. 넉넉한 크기와 누구나 좋아할듯한 먹거리와 눈길가는 느낌이 확연히 다르니까요!', 'https://naroubucket.s3.ap-northeast-2.amazonaws.com/82cdffd1-feed.png', '', 37.28795128322583, '백스트리트피자', 127.01546097217603, 2, 2, 14),
	(35, '서울 종로구 창신동 611-19', '낙산공원에 놀러갔어요~', 'https://naroubucket.s3.ap-northeast-2.amazonaws.com/ac5c5367-KakaoTalk_20240215_161524906.jpg', '', 37.579691878115554, '낙산공원', 127.01044475881706, 1, 1, 15),
	(36, '서울 용산구 이태원동 119-23', '할로윈에 이태원 거리에서 아이언맨 발견', 'https://naroubucket.s3.ap-northeast-2.amazonaws.com/0efba368-KakaoTalk_20240215_161524906_01.jpg', '', 37.534561306656094, '이태원거리', 126.99580922812, 1, 2, 15),
	(37, '서울 중구 정동 5-1', '덕수궁 돌담길을 걷다 덕수궁으로 들어갔다.', 'https://naroubucket.s3.ap-northeast-2.amazonaws.com/69d29241-KakaoTalk_20240215_161524906_05.jpg', '', 37.5655638710672, '덕수궁', 126.97489475498901, 2, 1, 15),
	(38, '서울 종로구 종로4가 165-11', '광장시장에서 유명한 부촌 육회에서 반주를..', 'https://naroubucket.s3.ap-northeast-2.amazonaws.com/7d78a9cf-KakaoTalk_20240215_161524906_04.jpg', '', 37.5703778574977, '부촌육회', 126.99993208243198, 2, 2, 15),
	(39, '서울 관악구 봉천동 1601-22', '저녁이지만 브런치 먹으러 사담으로 갔어요', 'https://naroubucket.s3.ap-northeast-2.amazonaws.com/16f51552-KakaoTalk_20240215_161524906_06.jpg', '', 37.47988005042745, '사담', 126.95559031095974, 2, 3, 15),
	(40, '서울 마포구 서교동 364-10', '점심에는 홍대에 있는 오코노미야끼 맛집 우와를 갔습니다.', 'https://naroubucket.s3.ap-northeast-2.amazonaws.com/063aa390-KakaoTalk_20240215_161524906_07.jpg', '', 37.5516835548182, '우와 홍대본점', 126.922172337916, 3, 1, 15),
	(41, '서울 마포구 망원동 394-101', '점심을 먹고 망원동 에스프레소 바에 갔습니다. 자리가 없어 밖에서 먹음..', 'https://naroubucket.s3.ap-northeast-2.amazonaws.com/2cf39624-KakaoTalk_20240215_161524906_03.jpg', '', 37.5526691539486, '콜트 커피바', 126.90595191408198, 3, 2, 15),
	(42, '서울 마포구 동교동 164-1', '마라샹궈는 역시 마라공방', 'https://naroubucket.s3.ap-northeast-2.amazonaws.com/2bcda6e4-KakaoTalk_20240215_161524906_10.jpg', '', 37.55648205778569, '마라공방 홍대입구역직영점', 126.92462550641248, 3, 1, 16),
	(43, '서울 마포구 서교동 401-12', '술 한잔 마셨습니다... 프로젝트가 잘 안되도 좋습니다. 하지만 나루 하나만 기억해주세요...', 'https://naroubucket.s3.ap-northeast-2.amazonaws.com/d7cd5299-KakaoTalk_20240215_161524906_02.jpg', '', 37.5489587812498, '와인어클락', 126.91925781551888, 3, 2, 16),
	(44, '서울 마포구 연남동 228-11', '태국 음식이 땡겨서 쌉을 갔는데 여긴 그리 맛있진 않았습니다. 망원동 코랏이 더 맛있음', 'https://naroubucket.s3.ap-northeast-2.amazonaws.com/e3f8c28a-KakaoTalk_20240215_161524906_11.jpg', '', 37.56322227774291, '쌉 연남점', 126.92583206046498, 2, 1, 16),
	(45, '서울 마포구 연남동 223-88', '근처 연희동엔 카페가 많아 선택지가 참 많습니다. 결국 퀸넬브릴 갔는데 컵이 참 맘에 드네요.', 'https://naroubucket.s3.ap-northeast-2.amazonaws.com/1c469e26-KakaoTalk_20240215_161524906_12.jpg', '', 37.56424349775501, '퀸넬브릴', 126.925025159172, 2, 2, 16),
	(46, '서울 용산구 용산동2가 1-555', '해방촌에 있는 해방식당을 갔습니다. 여기 가지덮밥 맛있음', 'https://naroubucket.s3.ap-northeast-2.amazonaws.com/8d0a0531-KakaoTalk_20240215_161524906_14.jpg', '', 37.5456697109983, '해방식당', 126.9846330654461, 2, 3, 16),
	(47, '대전 중구 문화동 1-166', '왕돈가스는 필수고칼국수 or 두루치기(사리포함) 조합을 고민하다가 \n두루치기+밥을 시켰읍니다', 'https://naroubucket.s3.ap-northeast-2.amazonaws.com/f80df9ff-feed.png', '', 36.321066443317974, '시민칼국수', 127.41562618983822, 1, 1, 17),
	(48, '대전 중구 은행동 145-1', '미니초코튀소는 솔드아웃이었고\n어니언바질크런치는 어쩐지 예상가능한 맛..고구마치즈크럼블은 살짝 고민했던 메뉴 중 하나다', 'https://naroubucket.s3.ap-northeast-2.amazonaws.com/12d5477a-feed.png', '', 36.32765802936324, '성심당 본점', 127.42727719121109, 1, 2, 17),
	(49, '제주특별자치도 제주시 용담2동 2002', '반갑 제주', 'https://naroubucket.s3.ap-northeast-2.amazonaws.com/85bd725a-feed.png', '', 33.5070789578184, '제주국제공항', 126.49276900424401, 1, 1, 18),
	(50, '제주특별자치도 제주시 오등동 778', '귤 따러 귤 농장 갔어요', 'https://naroubucket.s3.ap-northeast-2.amazonaws.com/1f55f0da-feed.png', '', 33.464929822085, '제주귤사랑농장', 126.53085403416202, 1, 2, 18),
	(51, '제주특별자치도 제주시 도두일동', 'but 꽃이 피었습니다.', 'https://naroubucket.s3.ap-northeast-2.amazonaws.com/1238becc-feed.png', '', 33.50563877194622, '올레길 17코스(광령-제주원도심 올레)', 126.4726047828175, 2, 1, 18),
	(52, '제주특별자치도 제주시 이도일동 1260-11', '제주도 회 미쳤따', 'https://naroubucket.s3.ap-northeast-2.amazonaws.com/d20d555c-feed.png', '', 33.50212628444589, '원담', 126.52878521880345, 2, 2, 18),
	(53, '제주특별자치도 제주시 해안동 2159', '다시 한번 귤 농장', 'https://naroubucket.s3.ap-northeast-2.amazonaws.com/e3cf8f7a-feed.png', '', 33.462815175619475, '예원이네귤농장', 126.45555000178868, 2, 3, 18),
	(54, '서울 마포구 동교동 164-1', '마라샹궈는 역시 마라공방', 'https://naroubucket.s3.ap-northeast-2.amazonaws.com/52a05926-feed.png', '', 37.55648205778569, '마라공방 홍대입구역직영점', 126.92462550641248, 1, 1, 19),
	(55, '서울 마포구 서교동 365-10', '단짠단짠은 국룰', 'https://naroubucket.s3.ap-northeast-2.amazonaws.com/e0cbc7c6-feed.png', '', 37.55288697144742, '달콤왕가탕후루', 126.92169351139519, 1, 2, 19),
	(56, '서울 마포구 연남동 382-19', '연어 맛있네', 'https://naroubucket.s3.ap-northeast-2.amazonaws.com/858f5a2c-feed.png', '', 37.56105618404159, '연어롭다', 126.925675753182, 2, 1, 19),
	(57, '제주특별자치도 제주시 외도일동 418-11', '차에서 하나씩 주워 먹기도 좋고 공항 근처라 가시자마자 사 드시는 거 추천! 늦게 가면 품절 나요~', 'https://naroubucket.s3.ap-northeast-2.amazonaws.com/1605bee9-feed.png', '', 33.4925495753769, '제주명품쑥빵보리빵', 126.430653500556, 1, 1, 20),
	(58, '제주특별자치도 제주시 한림읍 동명리 1715', '폐공장을 카페로 만든 곳! 분위기 좋아요~', 'https://naroubucket.s3.ap-northeast-2.amazonaws.com/70639810-feed.png', '', 33.40777177080081, '앤트러사이트 제주한림점', 126.25814964765202, 1, 2, 20),
	(59, '제주특별자치도 제주시 한경면 신창리 301', '친구가 꼭 가자고 해서 갔던 곳..! 근데 마감이 이르니 너무 늦게 가면 커피 못 마셔요 ㅠ', 'https://naroubucket.s3.ap-northeast-2.amazonaws.com/e6c908ba-feed.png', '', 33.3497486139127, '3인칭관찰자시점', 126.18119997018302, 1, 3, 20),
	(60, '제주특별자치도 제주시 한경면 신창리 1322-1', '풍차 짱 많음!!', 'https://naroubucket.s3.ap-northeast-2.amazonaws.com/e02d49ad-feed.png', '', 33.343081026740045, '신창풍차해안도로', 126.17420604655737, 1, 4, 20),
	(61, '제주특별자치도 제주시 한경면 신창리 1293-1', '인생샷을 찍으려면 낮에 가세요! 큰 창틀에서 찍으면 이쁘게 나오지만 밤에는 무소용 ㅠ', 'https://naroubucket.s3.ap-northeast-2.amazonaws.com/92f6c5cd-feed.png', '', 33.3448722920323, '클랭블루', 126.17730111987402, 1, 5, 20),
	(62, '제주특별자치도 서귀포시 안덕면 사계리 1586-1', '게하지만 숙소형식! 2인방에서 친구랑 잤다~', 'https://naroubucket.s3.ap-northeast-2.amazonaws.com/06701fb7-feed.png', '', 33.23699167041109, '스테이블 게스트하우스', 126.29936970578, 1, 6, 20),
	(63, '제주특별자치도 서귀포시 안덕면 사계리 522-1', '해장할 겸 갔었던 고기국수 맛집! ', 'https://naroubucket.s3.ap-northeast-2.amazonaws.com/cf25b4a7-feed.png', '', 33.24437894131443, '거멍국수', 126.30440962206518, 2, 1, 20),
	(64, '제주특별자치도 서귀포시 대정읍 상모리', '필수코스! 날씨 좋을 때 가면 너무 좋다~', 'https://naroubucket.s3.ap-northeast-2.amazonaws.com/c4d37768-feed.png', '', 33.1968232389213, '송악산둘레길', 126.293075154019, 2, 2, 20),
	(65, '제주특별자치도 서귀포시 안덕면 서광리 1235-1', '맛난 차가 많아서 좋았다! 예약해서 하는 티 코스 추천~~', 'https://naroubucket.s3.ap-northeast-2.amazonaws.com/97715fb5-feed.png', '', 33.30591328662082, '오설록 티뮤지엄', 126.28948929546861, 2, 3, 20),
	(66, '제주특별자치도 서귀포시 안덕면 상천리 380', '적당히 괜찮았음', 'https://naroubucket.s3.ap-northeast-2.amazonaws.com/caac2abd-feed.png', '', 33.30377089594179, '본태박물관', 126.39247966305703, 2, 4, 20),
	(67, '제주특별자치도 서귀포시 색달동 1898-1', '고등어회는 꼭 드세요~', 'https://naroubucket.s3.ap-northeast-2.amazonaws.com/2ce739d3-feed.png', '', 33.26211833560329, '색달바당', 126.413762410209, 2, 5, 20),
	(68, '제주특별자치도 서귀포시 안덕면 사계리 3593-8', '아직도 연락하는 양이주택 사람들..! 너무 좋았다~ㅎㅎ', 'https://naroubucket.s3.ap-northeast-2.amazonaws.com/bff4b8f4-feed.png', '', 33.249553217685516, '양이주택', 126.322522563947, 2, 6, 20),
	(69, '제주특별자치도 서귀포시 안덕면 사계리 86', '이쁜 사진 건지기 좋은 카페!', 'https://naroubucket.s3.ap-northeast-2.amazonaws.com/cdf01640-feed.png', '', 33.239222348615485, '원앤온리', 126.319192490757, 3, 1, 20),
	(70, '제주특별자치도 서귀포시 안덕면 사계리 2820-4', '게하 사람들이랑 먹은 갈치조림!! 진짜 맛있었다ㅎㅎ', 'https://naroubucket.s3.ap-northeast-2.amazonaws.com/8cbe02bc-feed.png', '', 33.231468549725705, '춘미향식당', 126.296525689007, 3, 2, 20),
	(71, '제주특별자치도 서귀포시 안덕면 상창리 271', '3월이라 꽃이 없었다... 꽃 많을 때 가세요~~', 'https://naroubucket.s3.ap-northeast-2.amazonaws.com/9daab811-feed.png', '', 33.29033656869422, '카멜리아힐', 126.36819010853146, 3, 3, 20),
	(72, '제주특별자치도 제주시 용담2동 2002', '마지막은 역시 비행기 사진', 'https://naroubucket.s3.ap-northeast-2.amazonaws.com/fa1d19f9-feed.png', '', 33.5070789578184, '제주국제공항', 126.49276900424401, 3, 4, 20),
	(73, '제주특별자치도 제주시 외도일동 418-11', '차에서 하나씩 주워 먹기도 좋고 공항 근처라 가시자마자 사 드시는 거 추천! 늦게 가면 품절 나요~', 'https://naroubucket.s3.ap-northeast-2.amazonaws.com/3b11bbc0-feed.png', '', 33.4925495753769, '제주명품쑥빵보리빵', 126.430653500556, 1, 1, 21),
	(74, '제주특별자치도 제주시 한림읍 동명리 1715', '폐공장을 카페로 만든 곳! 분위기 좋아요~', 'https://naroubucket.s3.ap-northeast-2.amazonaws.com/6de9744a-feed.png', '', 33.40777177080081, '앤트러사이트 제주한림점', 126.25814964765202, 1, 2, 21),
	(75, '제주특별자치도 제주시 한경면 신창리 301', '친구가 꼭 가자고 해서 갔던 곳..! 근데 마감이 이르니 너무 늦게 가면 커피 못 마셔요 ㅠ', 'https://naroubucket.s3.ap-northeast-2.amazonaws.com/8a37ff79-feed.png', '', 33.3497486139127, '3인칭관찰자시점', 126.18119997018302, 1, 3, 21),
	(76, '제주특별자치도 제주시 한경면 신창리 1322-1', '풍차 짱 많음!!', 'https://naroubucket.s3.ap-northeast-2.amazonaws.com/93acc069-feed.png', '', 33.343081026740045, '신창풍차해안도로', 126.17420604655737, 1, 4, 21),
	(77, '제주특별자치도 제주시 한경면 신창리 1293-1', '인생샷을 찍으려면 낮에 가세요! 큰 창틀에서 찍으면 이쁘게 나오지만 밤에는 무소용 ㅠ', 'https://naroubucket.s3.ap-northeast-2.amazonaws.com/8abc687b-feed.png', '', 33.3448722920323, '클랭블루', 126.17730111987402, 1, 5, 21),
	(78, '제주특별자치도 서귀포시 안덕면 사계리 1586-1', '게하지만 숙소형식! 2인방에서 친구랑 잤다~', 'https://naroubucket.s3.ap-northeast-2.amazonaws.com/9498adfe-feed.png', '', 33.23699167041109, '스테이블 게스트하우스', 126.29936970578, 1, 6, 21),
	(79, '제주특별자치도 서귀포시 안덕면 사계리 522-1', '해장할 겸 갔었던 고기국수 맛집! ', 'https://naroubucket.s3.ap-northeast-2.amazonaws.com/64b124ad-feed.png', '', 33.24437894131443, '거멍국수', 126.30440962206518, 2, 1, 21),
	(80, '제주특별자치도 서귀포시 대정읍 상모리', '필수코스! 날씨 좋을 때 가면 너무 좋다~', 'https://naroubucket.s3.ap-northeast-2.amazonaws.com/5a7d9396-feed.png', '', 33.1968232389213, '송악산둘레길', 126.293075154019, 2, 2, 21),
	(81, '제주특별자치도 서귀포시 안덕면 서광리 1235-1', '맛난 차가 많아서 좋았다! 예약해서 하는 티 코스 추천~~', 'https://naroubucket.s3.ap-northeast-2.amazonaws.com/ba9d07d3-feed.png', '', 33.30591328662082, '오설록 티뮤지엄', 126.28948929546861, 2, 3, 21),
	(82, '제주특별자치도 서귀포시 안덕면 상천리 380', '적당히 괜찮았음', 'https://naroubucket.s3.ap-northeast-2.amazonaws.com/d487c3e7-feed.png', '', 33.30377089594179, '본태박물관', 126.39247966305703, 2, 4, 21),
	(83, '제주특별자치도 서귀포시 색달동 1898-1', '고등어회는 꼭 드세요~', 'https://naroubucket.s3.ap-northeast-2.amazonaws.com/96cacb3a-feed.png', '', 33.26211833560329, '색달바당', 126.413762410209, 2, 5, 21),
	(84, '제주특별자치도 서귀포시 안덕면 사계리 3593-8', '아직도 연락하는 양이주택 사람들..! 너무 좋았다~ㅎㅎ', 'https://naroubucket.s3.ap-northeast-2.amazonaws.com/f1f88e39-feed.png', '', 33.249553217685516, '양이주택', 126.322522563947, 2, 6, 21),
	(85, '제주특별자치도 서귀포시 안덕면 사계리 86', '이쁜 사진 건지기 좋은 카페!', 'https://naroubucket.s3.ap-northeast-2.amazonaws.com/8c777a63-feed.png', '', 33.239222348615485, '원앤온리', 126.319192490757, 3, 1, 21),
	(86, '제주특별자치도 서귀포시 안덕면 사계리 2820-4', '게하 사람들이랑 먹은 갈치조림!! 진짜 맛있었다ㅎㅎ', 'https://naroubucket.s3.ap-northeast-2.amazonaws.com/75a650f3-feed.png', '', 33.231468549725705, '춘미향식당', 126.296525689007, 3, 2, 21),
	(87, '제주특별자치도 서귀포시 안덕면 상창리 271', '3월이라 꽃이 없었다... 꽃 많을 때 가세요~~', 'https://naroubucket.s3.ap-northeast-2.amazonaws.com/758dec29-feed.png', '', 33.29033656869422, '카멜리아힐', 126.36819010853146, 3, 3, 21),
	(88, '제주특별자치도 제주시 용담2동 2002', '마지막은 역시 비행기 사진', 'https://naroubucket.s3.ap-northeast-2.amazonaws.com/17134e50-feed.png', '', 33.5070789578184, '제주국제공항', 126.49276900424401, 3, 4, 21),
	(89, '서울 성동구 성수동1가 668-53', '보기만 해도 살찌는 것 같은 음식', 'https://naroubucket.s3.ap-northeast-2.amazonaws.com/ba5c5d5c-feed.png', '', 37.54696472561027, '서울숲 포도피자 성수', 127.04327258690955, 2, 1, 22),
	(90, '서울 성동구 성수동1가 668-25', '요거트 아이스크림 맛있다', 'https://naroubucket.s3.ap-northeast-2.amazonaws.com/ec8d89d5-feed.png', '', 37.5472791442568, '요거트아이스크림의정석', 127.04335424458299, 2, 2, 22),
	(91, '서울 성동구 성수동2가 277-37', '서울 숲 갔다가 지나가는 길에 컨테이너로 들어갔더니 캔이 엄청 쌓여있었습니다. 신기합니다.', 'https://naroubucket.s3.ap-northeast-2.amazonaws.com/6ddf0395-feed.png', '', 37.54369624294521, '놀이엔터테인먼트', 127.062606723249, 2, 1, 22),
	(92, '서울 성동구 성수동1가 656-1661', '음 맛있겠지? 사실 그냥 그럼 ㅋㅋ 그래도 나쁘진 않음~', 'https://naroubucket.s3.ap-northeast-2.amazonaws.com/eef56fdd-feed.png', '', 37.54266404845569, '목금', 127.048448029249, 1, 1, 23),
	(93, '서울 성동구 성수동2가 315-39', '푸딩이랑 크림브륄레 짱 맛있음!', 'https://naroubucket.s3.ap-northeast-2.amazonaws.com/22a15183-feed.png', '', 37.5430267599584, '유스트레스', 127.05547968887798, 1, 2, 23),
	(94, '서울 성동구 성수동2가 273-13', '팝업도 다녀옴~~', 'https://naroubucket.s3.ap-northeast-2.amazonaws.com/8b55d722-feed.png', '', 37.5428214746883, 'EQL GROVE 성수점', 127.058905847636, 1, 3, 23),
	(95, '서울 광진구 화양동 32-17', '미슐랭 가이드에 등록되어 있는 면 요리집. 생각보다 맛있진 않았음. 그래도 다른 면 요리와는 조금 다른 느낌이긴 하더라', 'https://naroubucket.s3.ap-northeast-2.amazonaws.com/18e46650-feed.png', '', 37.54548674803557, '정면', 127.0686938728959, 2, 1, 24),
	(96, '서울 광진구 화양동 31-4', '여기 오코노미야끼 맛있습니다. 최근에 예약제로 바뀌었지만 가볼만 하다고 생각함.', 'https://naroubucket.s3.ap-northeast-2.amazonaws.com/8db26c6f-feed.png', '', 37.54621893130263, '오코노미야키식당하나', 127.06770326854543, 2, 2, 24),
	(97, '서울 광진구 자양동 857', '가재가 왤케 작은지는 모르겠지만 이상하게 계속 생각납니다.', 'https://naroubucket.s3.ap-northeast-2.amazonaws.com/e26db8c9-feed.png', '', 37.53943424343161, '해룡마라룽샤', 127.06478014892602, 2, 1, 24),
	(98, '서울 용산구 용산동2가 1-555', '해방 식당 가지 덮밥 맛있습니다.', 'https://naroubucket.s3.ap-northeast-2.amazonaws.com/4a0273ea-feed.png', '', 37.5456697109983, '해방식당', 126.9846330654461, 2, 1, 25),
	(99, '서울 용산구 용산동2가 1-457', '해방식당 근처에 있는 카페로 갔는데 너무 좁았음ㅠ', 'https://naroubucket.s3.ap-northeast-2.amazonaws.com/f65556d0-feed.png', '', 37.544957963908, '업스탠딩커피', 126.984961368291, 2, 1, 25),
	(100, '서울 용산구 남영동 64-1', '여기 회 기가 막힙니다. 술이 술술 들어감ㅎㅎ', 'https://naroubucket.s3.ap-northeast-2.amazonaws.com/d4bb4708-feed.png', '', 37.5432890454418, '평화남영', 126.97326147905702, 2, 2, 25),
	(101, '경기 가평군 설악면 천안리 862', '목장에 있는 양이 귀여워요', 'https://naroubucket.s3.ap-northeast-2.amazonaws.com/641f2a4a-feed.png', '', 37.64361033731261, '가평양떼목장', 127.4720015136902, 1, 1, 26),
	(102, '경기 가평군 상면 행현리 산 187-4', '뷰가 멋있어요', 'https://naroubucket.s3.ap-northeast-2.amazonaws.com/5883c958-feed.png', '', 37.757354492784614, '구름산카페', 127.357970547082, 1, 2, 26),
	(103, '경기 가평군 가평읍 경반리 2', '고기가 신선하고 반찬이 맛있어요', 'https://naroubucket.s3.ap-northeast-2.amazonaws.com/4265587a-feed.png', '', 37.83821283522194, '한우암소골', 127.50180315592065, 2, 1, 26),
	(104, '경기 가평군 청평면 삼회리 33-1', '숲이라 그런지 공기가 맑고 좋네요', 'https://naroubucket.s3.ap-northeast-2.amazonaws.com/6f25f098-feed.png', '', 37.71081495157709, '청평자연휴양림', 127.40846740561902, 2, 2, 26),
	(105, '경기 가평군 청평면 고성리 616-2', '이국적인 분위기 마음에 들어요', 'https://naroubucket.s3.ap-northeast-2.amazonaws.com/c329388c-feed.png', '', 37.71499518010759, '쁘띠프랑스', 127.49053682305495, 2, 3, 26),
	(106, '서울 영등포구 영등포동3가 11-3', '영등포 타임스퀘어 다녀온 후 카페갔습니다.', 'https://naroubucket.s3.ap-northeast-2.amazonaws.com/31420f55-feed.png', '', 37.5174793690754, '영등포 카페드람브르', 126.90900497960898, 2, 1, 27),
	(107, '서울 동작구 흑석동 190-18', '학교 근처에서 치즈 돈까스 먹음\n맛없음', 'https://naroubucket.s3.ap-northeast-2.amazonaws.com/0ca10025-feed.png', '', 37.50761465871491, '백소정 중앙대점', 126.960109240208, 2, 2, 27),
	(108, '서울 광진구 화양동 16-37', '건대 주변에서 푸딩 먹었습니다. 콜드브루에서 담배 냄새남-,-', 'https://naroubucket.s3.ap-northeast-2.amazonaws.com/df69a416-feed.png', '', 37.54492067398495, '골든라이언', 127.06911656223306, 2, 1, 27),
	(109, '서울 종로구 낙원동 82-3', '인사동~익선동 근처에 있는 음식점. 무슨 무슨 쉐프가 했다해서인지 겁나 비쌈', 'https://naroubucket.s3.ap-northeast-2.amazonaws.com/5d6e8f1d-feed.png', '', 37.57362545661949, '반기다', 126.98926289825586, 2, 1, 28),
	(110, '서울 종로구 낙원동 82-3', '사실 그리 맛있진 않았습니다 ㅈㅅ', 'https://naroubucket.s3.ap-northeast-2.amazonaws.com/b8da0480-feed.png', '', 37.57362545661949, '반기다', 126.98926289825586, 2, 2, 28),
	(111, '서울 중구 을지로3가 320-24', '을지로 근처에서 와인한잔 하러 왔습니다.', 'https://naroubucket.s3.ap-northeast-2.amazonaws.com/2e9cbc96-feed.png', '', 37.5654761335543, '드므', 126.99148369507098, 2, 1, 29),
	(112, '서울 중구 을지로3가 320-24', '초딩 입맛이라 그런지 고구마가 맛있더라고요ㅋㅋ', 'https://naroubucket.s3.ap-northeast-2.amazonaws.com/19edf5d2-feed.png', '', 37.5654761335543, '드므', 126.99148369507098, 2, 2, 29),
	(113, '서울 동작구 사당동 1032-48', '이건 맛있었는데 여자친구껀 진짜 끔찍했습니다. 메뉴 잘 고르세요', 'https://naroubucket.s3.ap-northeast-2.amazonaws.com/4bf441ef-feed.png', '', 37.47852615660984, '미스피츠', 126.97986450334483, 2, 1, 30),
	(114, '서울 종로구 혜화동 163-33', '술 한잔 했습니다. 사실 여기 어딘지 잘 기억이 안납니다. 술 겁나 마셔서 6시에 마시기 시작했지만 8시에 포기했습니다. 자랑은 아닙니다.', 'https://naroubucket.s3.ap-northeast-2.amazonaws.com/78a0a356-feed.png', '', 37.58412970766146, '술비', 127.0024771828397, 2, 1, 31),
	(115, '서울 마포구 서교동 395-65', '여기 겁나 비싸긴 한데 숙성회가 기가 막힙니다. 추천', 'https://naroubucket.s3.ap-northeast-2.amazonaws.com/98815156-feed.png', '', 37.54987644391521, '올드타운 홍대점', 126.91729907277299, 2, 2, 31),
	(116, '서울 강남구 논현동 147', '사당에 있는데 여기 망했나요? 여기 간단하게 먹기 굉장히 좋습니다.', 'https://naroubucket.s3.ap-northeast-2.amazonaws.com/06a48d97-feed.png', '', 37.51048446489971, 'bpb', 127.026734732025, 2, 1, 32),
	(117, '서울 용산구 이태원동 72-33', '이태원에 있는 러시아 음식점. 내 취향은 아니었습니다.', 'https://naroubucket.s3.ap-northeast-2.amazonaws.com/052d2d50-feed.png', '', 37.534078188601, '트로이카', 126.99222494639099, 2, 2, 32),
	(118, '서울 마포구 용강동 508', '넓적면 오랜만에 먹어서 반가웠습니다. 먹을만하지만 대기가 깁니다.', 'https://naroubucket.s3.ap-northeast-2.amazonaws.com/79df2876-feed.png', '', 37.54099054939006, '우동이요이요', 126.9446236562632, 2, 1, 33),
	(119, '서울 중구 흥인동 114', '제 생각엔 맛있는 집일수록 비주얼은 별로인것 같습니다. 근데 이 연어 두께가 보이신가요? 엄청납니다.', 'https://naroubucket.s3.ap-northeast-2.amazonaws.com/1d92f2e7-feed.png', '', 37.5655114189168, '우미회전초밥 신당점', 127.01583281888, 2, 1, 34),
	(120, '서울 강남구 신사동 520-7', '강남에 있어서인지 겁나 비쌉니다.', 'https://naroubucket.s3.ap-northeast-2.amazonaws.com/fc60175d-feed.png', '', 37.5209145587415, '어썸로즈', 127.02200433177002, 2, 2, 34),
	(121, '서울 마포구 상수동 325-2', '커피와 주스 한잔', 'https://naroubucket.s3.ap-northeast-2.amazonaws.com/ef923afb-feed.png', '', 37.5473749926829, '루시드 서울', 126.922190396995, 2, 1, 35),
	(122, '서울 마포구 상수동 325-2', '겁나 비쌉니다. 그래도 먹을만하지만 아무리 그래도 양이 너무 적음', 'https://naroubucket.s3.ap-northeast-2.amazonaws.com/e007c0b2-feed.png', '', 37.5473749926829, '루시드 서울', 126.922190396995, 2, 2, 35),
	(123, '서울 마포구 상수동 325-2', '커피와 주스 한잔', 'https://naroubucket.s3.ap-northeast-2.amazonaws.com/719b1849-feed.png', '', 37.5473749926829, '루시드 서울', 126.922190396995, 2, 1, 36),
	(124, '서울 마포구 상수동 325-2', '겁나 비쌉니다. 그래도 먹을만하지만 아무리 그래도 양이 너무 적음', 'https://naroubucket.s3.ap-northeast-2.amazonaws.com/2f07bef4-feed.png', '', 37.5473749926829, '루시드 서울', 126.922190396995, 2, 2, 36),
	(125, '서울 서초구 서초동 1317-31', '마라맛 물고기탕입니다. 살이 매우 부드러워 아주 맛있습니다. 다만 너무 열심히 끓이면 고기에 마라맛이 많이 나 너무 짜요. 조심', 'https://naroubucket.s3.ap-northeast-2.amazonaws.com/16c77ed5-feed.png', '', 37.49843286149087, '반티엔야오 카오위 강남점', 127.02562896506164, 1, 1, 38),
	(126, '서울 송파구 송파동 55-7', '게 맛있어보이죠? 게니까요', 'https://naroubucket.s3.ap-northeast-2.amazonaws.com/504895fb-feed.png', '', 37.51033932123959, '인딕슬로우 송리단길점', 127.10863980753099, 1, 1, 39),
	(127, '서울 송파구 방이동 37-8', '고기는 못 참쥐', 'https://naroubucket.s3.ap-northeast-2.amazonaws.com/3a4c2269-feed.png', '', 37.5154054925924, '고반식당 송파방이점', 127.10980090174901, 1, 2, 39),
	(128, '서울 송파구 신천동 29', '초코 짱 맛~~', 'https://naroubucket.s3.ap-northeast-2.amazonaws.com/ff7dbd4a-feed.png', '', 37.51256379693133, '고디바 롯데잠실에비뉴엘점', 127.10167102222724, 2, 1, 39),
	(129, '서울 강남구 역삼동 824-25', '정말 번개로 간 음식점인데다 지하 구석탱이에 있는 곳이라 그냥 생각없이 갔는데 이 집 잘합니다. 게장은 못 먹어봤지만 필히 잘할 것임..', 'https://naroubucket.s3.ap-northeast-2.amazonaws.com/57f37f98-feed.png', '', 37.49754586043711, '게새장터', 127.03109297342301, 1, 1, 40),
	(130, '서울 성동구 성수동2가 315-49', '면이랑 국물이랑 따로 노는 느낌. 근데 타마고 가츤가 달걀 튀긴거 있는데 그건 잘 익어서 맛있었습니다.', 'https://naroubucket.s3.ap-northeast-2.amazonaws.com/cf79a8b4-feed.png', '', 37.54301166530056, '소바식당 성수점', 127.0550044286049, 1, 2, 40),
	(131, '서울 강남구 역삼동 824-25', '정말 번개로 간 음식점인데다 지하 구석탱이에 있는 곳이라 그냥 생각없이 갔는데 이 집 잘합니다. 게장은 못 먹어봤지만 필히 잘할 것임..', 'https://naroubucket.s3.ap-northeast-2.amazonaws.com/ff291b41-feed.png', '', 37.49754586043711, '게새장터', 127.03109297342301, 1, 1, 41),
	(132, '서울 성동구 성수동2가 315-49', '면이랑 국물이랑 따로 노는 느낌. 근데 타마고 가츤가 달걀 튀긴거 있는데 그건 잘 익어서 맛있었습니다.', 'https://naroubucket.s3.ap-northeast-2.amazonaws.com/ebb6950d-feed.png', '', 37.54301166530056, '소바식당 성수점', 127.0550044286049, 1, 2, 41),
	(133, '서울 광진구 자양동 851-20', '걍 서울 도삭면 원탑. 새우 요리이랑 딤섬도 진짜 맛있음! 꼭 가보야 할 곳', 'https://naroubucket.s3.ap-northeast-2.amazonaws.com/27c124b7-feed.png', '', 37.53788986046639, '송화산시도삭면 본점', 127.06652466799225, 2, 1, 42),
	(134, '서울 광진구 자양동 9-4', '밥 먹고 영화봤다. 솔직히 별로였음 ㅋ', 'https://naroubucket.s3.ap-northeast-2.amazonaws.com/52bcb5a8-feed.png', '', 37.539697888964525, 'CGV 건대입구', 127.06701734324294, 2, 2, 42),
	(135, '서울 강남구 역삼동 734-21', '카레 살짝 매콤하지만 맛있다. 돈카츠는 그냥 평균 정도? 근데 소스가 맛있음. 가라아게가 진짜 맛있었다. 가라아게 카레 추천.', 'https://naroubucket.s3.ap-northeast-2.amazonaws.com/77c1d4af-feed.png', '', 37.49635567053331, '송송카레', 127.03995035909001, 2, 1, 43),
	(136, '서울 강남구 역삼동 769-12', '24시 카페. 커피 맛없음. 디저트 맛있음.', 'https://naroubucket.s3.ap-northeast-2.amazonaws.com/10a059f1-feed.png', '', 37.495420471560514, '탐앤탐스 역삼점', 127.03981416167038, 2, 2, 43),
	(137, '서울 강서구 공항동 1373', '신나는 부산 여행을 시작했습니다. 저 멀리 보이는 김포시.. 설렌다', 'https://naroubucket.s3.ap-northeast-2.amazonaws.com/8122ee6a-feed.png', '', 37.55894902865886, '김포국제공항 국내선', 126.80286551968986, 1, 1, 44),
	(138, '부산 사상구 괘법동 429-1', '서울 역들은 재미없는 기차 모양인데 부산은 기차가 애벌레처럼 생겼다. 귀여워', 'https://naroubucket.s3.ap-northeast-2.amazonaws.com/89bc9ad6-feed.png', '', 35.162568283227905, '사상역', 128.98872471428808, 1, 2, 44),
	(139, '부산 부산진구 전포동 682', '그 유명하다는 전포 카페거리. 서면역에서 노래에서 전포 카페거리 어쩌구 그러던게 생각나서 들러봤습니다. 아쉽지만 홍대가 더 재미있습니다. 서울 짱', 'https://naroubucket.s3.ap-northeast-2.amazonaws.com/225cee1b-feed.png', '', 35.1554466988384, '전포카페거리', 129.06256936376738, 1, 3, 44),
	(140, '부산 수영구 광안동 200-4', '아침에 일어나 커피 한잔(사실 아포가토 먹음ㅎㅎ)을 하며 바다 냄새를 맡았습니다. 왼쪽 커피는 리스트레토였나 했는데 그냥 그랬음', 'https://naroubucket.s3.ap-northeast-2.amazonaws.com/42a03d7e-feed.png', '', 35.1505714847838, '까사부사노 광안점', 129.11595445244214, 2, 1, 44),
	(141, '부산 수영구 남천동', '요트를 타고 광안대교 밑을 지나갔습니다. 놀이기구를 못 타는 전 너무나 무서운 나머지 호호깔깔 웃고 떠드는 사람들 사이에서 (부끄럽게도) 소리를 지르고 말았습니다. ', 'https://naroubucket.s3.ap-northeast-2.amazonaws.com/6da123df-feed.png', '', 35.136691424609396, '광안대교', 129.11691150150264, 2, 2, 44),
	(142, '부산 수영구 수영동 481-2', '그렇게 유명하다는 마린시티를 지나갔습니다. 요트에서 올려다보는데 멋있더군요. 사람들은 난간에 붙어서 사진을 찍어댔지만 전 소심하게 요트에 딱 달라붙은 채 저만치 멀리서 사진을 찍었습니다. 부끄럽습니다.', 'https://naroubucket.s3.ap-northeast-2.amazonaws.com/90e05ef9-feed.png', '', 35.17212547743401, '마린시티', 129.11624848521865, 2, 3, 44),
	(143, '부산 수영구 민락동 181-56', '광어 무슨 고노와단가 하는 광어 내장이랑 타다끼를 시켰는데 내장이라 비린내는 어쩔 수 없는 걸까요. 전 먹기 힘들었어요. 하지만 실패하지 않는 메뉴 타다끼 맛있었습니다.', 'https://naroubucket.s3.ap-northeast-2.amazonaws.com/5b63e553-feed.png', '', 35.15685370308991, '광안태양', 129.1256634767187, 2, 4, 44),
	(144, '부산 북구 덕천동 432-17', '오마카세로 마무리를 했습니다. 나쁘진 않았지만 대체로 밥이랑 간이 짜네요.. 속이 좀 안 좋아졌어요.', 'https://naroubucket.s3.ap-northeast-2.amazonaws.com/2c20ebc1-feed.png', '', 35.20859585721525, '스시쿠도쿠', 129.0083042143886, 3, 1, 44),
	(145, '부산 강서구 대저2동 2350', '다시 집으로 가는 중..', 'https://naroubucket.s3.ap-northeast-2.amazonaws.com/2cae5e9f-feed.png', '', 35.17319970265189, '김해국제공항', 128.94672873774698, 3, 2, 44),
	(146, '충북 단양군 단양읍 도전리 615', '배가 고파서 패러글라이딩하러 가기 전 단양 구경시장에 들러 떡갈비와 만두를 사먹었습니다. 맛은 좋았습니다.', 'https://naroubucket.s3.ap-northeast-2.amazonaws.com/4b454b4a-feed.png', '', 36.98249105050287, '단양구경시장', 128.36998217032937, 1, 1, 45),
	(147, '충북 단양군 단양읍 고수리 166', '패러글라이딩에서 한 장 찍었습니다. 경치 좋죠. 패러글라이딩.. 좀 긴장했는데 별거 없었습니다. 하지만 착륙 전 같이 탄 가이드 분께서 패러슈트를 이리저리 흔드는 바람에 부끄럽게도 소리를 꺄아악 질러버렸습니다.', 'https://naroubucket.s3.ap-northeast-2.amazonaws.com/30e82fcd-feed.png', '', 36.9851719499407, '단양양방산패러글라이딩', 128.37695665499217, 1, 2, 45),
	(148, '서울 강남구 대치동 897-27', '여기 마라 양꼬치 존맛탱', 'https://naroubucket.s3.ap-northeast-2.amazonaws.com/b2ade165-feed.png', '', 37.50314115836914, '미쓰양꼬치', 127.05155406176743, 1, 1, 46),
	(149, '서울 강남구 대치동 897-9', '비싸지만 맛있음. 청어알 소스 필수.', 'https://naroubucket.s3.ap-northeast-2.amazonaws.com/90671d28-feed.png', '', 37.502799170161, '돈그리아', 127.05064342127699, 1, 2, 46),
	(150, '서울 강남구 대치동 897-10', '꽤나 괜찮은 화덕피자집', 'https://naroubucket.s3.ap-northeast-2.amazonaws.com/a376d013-feed.png', '', 37.502632458458024, '카발', 127.05070324827132, 1, 3, 46),
	(151, '서울 강남구 대치동 900-24', '맛있음. 참숯에 구워줌.', 'https://naroubucket.s3.ap-northeast-2.amazonaws.com/e583bad3-feed.png', '', 37.50290383129168, '땅코참숯구이 선릉점', 127.05237835376317, 1, 4, 46),
	(152, '강원특별자치도 강릉시 포남동 1072-7', '여기 장칼국수가 그리 유명하대서 다녀왔습니다. 장칼국수는 제 취향이 아닌가봅니다.', 'https://naroubucket.s3.ap-northeast-2.amazonaws.com/76926560-feed.png', '', 37.77330052721161, '금천칼국수', 128.91220542621636, 1, 1, 47),
	(153, '강원특별자치도 강릉시 견소동 286-10', '푸른 바다를 보고 있으니 힐링이 되는 느낌입니다. 아주 좋아요^~^', 'https://naroubucket.s3.ap-northeast-2.amazonaws.com/6cf4d114-feed.png', '', 37.77226175953761, '안목해변', 128.9482754051378, 1, 2, 47),
	(154, '강원특별자치도 강릉시 견소동 168', '여기는 강릉이면서 무슨 커피가 이렇게 비싼 것일까요. 뷰가 좋으니 일단 봐드리지만 다음은 없습니다.', 'https://naroubucket.s3.ap-northeast-2.amazonaws.com/e124c3eb-feed.png', '', 37.77204572857532, '보사노바 커피로스터스 강릉점', 128.94782940821176, 2, 1, 47),
	(155, '서울 마포구 서교동 364-10', '미안하다 이거 보여주려고 어그로 끌었다. 우와 오코노미야끼 수준 실화냐', 'https://naroubucket.s3.ap-northeast-2.amazonaws.com/1ad2cb4a-feed.png', '', 37.5516835548182, '우와 홍대본점', 126.922172337916, 1, 1, 48),
	(156, '서울 강남구 역삼동 725-12', '맛있더라구요', 'https://naroubucket.s3.ap-northeast-2.amazonaws.com/4932115b-feed.png', '', 37.499401244868494, '고갯마루', 127.039436297067, 1, 1, 49),
	(157, '서울 강남구 역삼동 741-8', '여기두 맛있음', 'https://naroubucket.s3.ap-northeast-2.amazonaws.com/0048b354-feed.png', '', 37.49722788987879, '모퉁이식당', 127.034053418308, 1, 2, 49),
	(158, '세종특별자치시 금남면 대박리 90-4', '직접 재배한 농산물과 친환경 로컬푸드', 'https://naroubucket.s3.ap-northeast-2.amazonaws.com/ba60045c-feed.png', '', 36.479097284306604, '콩대박', 127.34412860434, 1, 1, 50),
	(159, '세종특별자치시 전동면 송성리 9', '50여 년간 가꾸어온 식물과 동물들이 자라 숲과 군락을 이룬 베어트리파크', 'https://naroubucket.s3.ap-northeast-2.amazonaws.com/39559e8f-feed.png', '', 36.67198590355357, '베어트리파크', 127.21011242055079, 1, 2, 50),
	(160, '세종특별자치시 연서면 고복리 산 36-1', '벚꽃 필 무렵은 아는 사람만 아는 숨겨진 명소', 'https://naroubucket.s3.ap-northeast-2.amazonaws.com/3f775bfa-feed.png', '', 36.60826008253011, '고복자연공원', 127.2389357862106, 1, 3, 50),
	(161, '세종특별자치시 금남면 도남리 2-2', '울창한 숲 속의 산책로를 떠올리게 하는 휴양림이라기 보다는 잘 정비된 도로위에 산림 박물관, 수목원, 온실, 연못, 야생동물원 등 다양한 볼거리들이 산재해있는 테마파크 ', 'https://naroubucket.s3.ap-northeast-2.amazonaws.com/59808e40-feed.png', '', 36.434137033068396, '금강자연휴양림', 127.22954936165344, 1, 4, 50),
	(162, '서울 강남구 개포동 186-17', '사장님이랑 친하게 지내세요. 아니면 겁나게 잘 먹던가요. 뭐라도 더 주심.', 'https://naroubucket.s3.ap-northeast-2.amazonaws.com/3349b6ec-feed.png', '', 37.48936514111491, '연스시', 127.068855477868, 1, 1, 51),
	(163, '서울 강남구 개포동 186-9', '맛남', 'https://naroubucket.s3.ap-northeast-2.amazonaws.com/8ca1ad2d-feed.png', '', 37.4889760738408, '장군주먹고기 2호점', 127.068255381669, 1, 2, 51),
	(164, '서울 강남구 개포동 186-11', '퇴근 시간 지나면 사람 항상 많은 곳', 'https://naroubucket.s3.ap-northeast-2.amazonaws.com/a79113c1-feed.png', '', 37.4888610883292, '을지로만선호프 개포점', 127.06765825263, 1, 3, 51),
	(165, '서울 강남구 개포동 186-5', '근본 넘치는 떡볶이 집...! 아 먹고싶다!', 'https://naroubucket.s3.ap-northeast-2.amazonaws.com/0a7a411c-feed.png', '', 37.48872571776358, '빨간오뎅부산어묵 개포점', 127.06804031593335, 1, 4, 51),
	(166, '서울 강남구 개포동 171', '진짜 여기는 개포동의 보물임... 미쳤음 걍 개맛있음...', 'https://naroubucket.s3.ap-northeast-2.amazonaws.com/0ffc2455-feed.png', '', 37.483801515943, '리애 개포점', 127.06008736784699, 2, 1, 51),
	(167, '전남 순천시 대대동 162-2', '갈대 군락지로는 국내 최대 규모', 'https://naroubucket.s3.ap-northeast-2.amazonaws.com/528a6be2-feed.png', '', 34.88561198854289, '순천만습지', 127.509555018979, 1, 1, 52),
	(168, '전남 순천시 조례동 23', '골목 골목 다니며 촬영장을 관람하고 교복 대여도 가능', 'https://naroubucket.s3.ap-northeast-2.amazonaws.com/b6567147-feed.png', '', 34.9584569682125, '순천드라마촬영장', 127.53824421312402, 1, 2, 52),
	(169, '전남 보성군 벌교읍 벌교리 640-2', '대하소설 태백산맥과 동명의 영화에서 반란군 토벌대장 임만수와 대원들이 머무는 곳', 'https://naroubucket.s3.ap-northeast-2.amazonaws.com/f60798df-feed.png', '', 34.843940904414296, '보성여관', 127.343415036623, 1, 3, 52),
	(170, '전남 보성군 보성읍 봉산리 1288-1', '맛과 향이 야생차와 같은 유기농의 고급 녹차가 생산되고 있으며, 녹차 밭은 마치 녹색의 카펫을 깔아놓은 듯 장관을 이루어 사계절 내내 관광객이 방문하는 유명 관광지', 'https://naroubucket.s3.ap-northeast-2.amazonaws.com/cafe0825-feed.png', '', 34.7156527529844, '대한다원 본사', 127.07877484232701, 1, 4, 52),
	(171, '전남 보성군 회천면 동율리 678', '대한다원 등이 유명한 관광지가 되면서 연계한 해수욕장', 'https://naroubucket.s3.ap-northeast-2.amazonaws.com/a3a2bda3-feed.png', '', 34.67002619469291, '율포해수욕장', 127.08902041487755, 2, 1, 52),
	(172, '전남 장흥군 안양면 수문리 173', '바다생태계가 우수한 수문연안과 여다지 갯벌, 철쭉으로 유명한 삼비산 등 무한한 관광자원이 산재되어 있음', 'https://naroubucket.s3.ap-northeast-2.amazonaws.com/44df9556-feed.png', '', 34.631567491891, '전남장흥키조개마을', 127.02931442858699, 2, 2, 52),
	(173, '전남 장흥군 장흥읍 우산리 산 20-1', '초록의 상쾌한 바람과 아름드리 40년생 편백나무가 빼곡히 들어선 곳', 'https://naroubucket.s3.ap-northeast-2.amazonaws.com/61c43942-feed.png', '', 34.668118858958, '정남진편백숲우드랜드', 126.933782282922, 2, 3, 52),
	(174, '서울 강남구 일원동 666-2', '근본 있는 맛집', 'https://naroubucket.s3.ap-northeast-2.amazonaws.com/871656c0-feed.png', '', 37.489836469233886, '대청뼈다귀감자탕', 127.0837643008172, 2, 1, 53),
	(175, '서울 강남구 일원동 685-7', '맛있자나~', 'https://naroubucket.s3.ap-northeast-2.amazonaws.com/b257f991-feed.png', '', 37.4895655830463, '신의주찹쌀순대', 127.08202831461402, 2, 2, 53),
	(176, '인천 중구 북성동2가 14', '한국 속의 작은 중국!', 'https://naroubucket.s3.ap-northeast-2.amazonaws.com/74559f21-feed.png', '', 37.47553645805066, '인천차이나타운', 126.6186319858808, 1, 1, 54),
	(177, '인천 중구 을왕동 717-12', '백사장과 송림이 아름다운 화려한 피서지', 'https://naroubucket.s3.ap-northeast-2.amazonaws.com/369fec53-feed.png', '', 37.4462920026041, '을왕리해수욕장', 126.37273704310599, 1, 2, 54),
	(178, '인천 중구 북성동1가 98-580', '인천 앞바다를 한 눈에! 환상적인 야경까지 즐기자!', 'https://naroubucket.s3.ap-northeast-2.amazonaws.com/44eabc4a-feed.png', '', 37.47145021280801, '월미테마파크', 126.59633409598895, 1, 3, 54),
	(179, '인천 연수구 송도동 6-1', '다양한 비즈니스 관광을 경험할 수 있는 곳', 'https://naroubucket.s3.ap-northeast-2.amazonaws.com/5bd8e8e8-feed.png', '', 37.388709805875195, '송도컨벤시아', 126.64683628072743, 2, 1, 54),
	(180, '경남 의령군 의령읍 서동리 491-23', '중소벤처기업부 인증 백년가게', 'https://naroubucket.s3.ap-northeast-2.amazonaws.com/319a4172-feed.png', '', 35.31889147136486, '화정소바', 128.26065586651694, 2, 2, 54),
	(181, '충남 홍성군 서부면 상황리 628-2', '타이타닉 포토존이 있는 홍성 해안의 명소', 'https://naroubucket.s3.ap-northeast-2.amazonaws.com/89dd3375-feed.png', '', 36.5768251997109, '속동전망대', 126.46441956605801, 2, 1, 55),
	(182, '충남 홍성군 서부면 남당리 863', '철새 도래지 천수만의 수산물의 보고', 'https://naroubucket.s3.ap-northeast-2.amazonaws.com/edfc63fc-feed.png', '', 36.53693199820091, '남당항', 126.46889360331201, 2, 2, 55),
	(183, '충남 보령시 오천면 소성리 60-14', '요트가 다니는 보령의 서해 방조제', 'https://naroubucket.s3.ap-northeast-2.amazonaws.com/429c7570-feed.png', '', 36.44361285781701, '보령방조제', 126.529054933366, 2, 3, 55),
	(184, '충남 보령시 오천면 소성리 661-1', '옛날 서해안 방어의 요충지이자 석조예술의 정수', 'https://naroubucket.s3.ap-northeast-2.amazonaws.com/ce1139f2-feed.png', '', 36.4396121004114, '충청수영성', 126.52279770856998, 2, 4, 55),
	(185, '충남 태안군 안면읍 정당리 178-7', '바다 위를 건너 만나는 이국적인 분위기의 사찰', 'https://naroubucket.s3.ap-northeast-2.amazonaws.com/948e7b77-feed.png', '', 36.5593480287007, '안면암', 126.375062567838, 2, 5, 55),
	(186, '충남 태안군 안면읍 승언리 339-285', '안면도의 꽃', 'https://naroubucket.s3.ap-northeast-2.amazonaws.com/e4549234-feed.png', '', 36.497182079394506, '꽃지해수욕장', 126.336020530277, 2, 6, 55),
	(187, '전북특별자치도 익산시 왕궁면 동용리 641', '진귀한 보석과 화석이 가득한 곳', 'https://naroubucket.s3.ap-northeast-2.amazonaws.com/d861734c-feed.png', '', 35.990581009119204, '익산보석박물관', 127.10261889854898, 1, 1, 56),
	(188, '전북특별자치도 익산시 왕궁면 왕궁리 562', '고대 동아시아 왕궁 구조의 모범을 보여주는 왕궁리유적', 'https://naroubucket.s3.ap-northeast-2.amazonaws.com/f170c804-feed.png', '', 35.97384571886601, '왕궁리유적', 127.054935250458, 1, 2, 56),
	(189, '전북특별자치도 익산시 금마면 기양리 104-1', '익산 미륵사지의 찬란한 문화를 담다', 'https://naroubucket.s3.ap-northeast-2.amazonaws.com/85af2b17-feed.png', '', 36.01082380655706, '국립익산박물관', 127.02746491923894, 1, 3, 56),
	(190, '전북특별자치도 익산시 금마면 기양리 135-18', '전통 순두부식당으로 가족 단위 여행객들은 물론, 현지민들도 많이 찾는 사계절 맛집', 'https://naroubucket.s3.ap-northeast-2.amazonaws.com/d878fe61-feed.png', '', 36.0115202367512, '맛동순두부', 127.024319312899, 1, 4, 56),
	(191, '전북특별자치도 익산시 금마면 기양리 32-2', '모든 백성들의 구원을 이루려는 간절한 염원', 'https://naroubucket.s3.ap-northeast-2.amazonaws.com/123e05da-feed.png', '', 36.0124162512757, '익산미륵사지', 127.031276915824, 1, 5, 56),
	(192, '전북특별자치도 익산시 영등동 191-1', '문화와 역사가 공존하는 2천년 고도의 도시, 백제의 수도, 보석의 메카 익산에 위치해 익산 최초, 최고의 호텔로 친절하고 정성어린 서비스를 제공하는 고품격 비즈니스 호텔이다.', 'https://naroubucket.s3.ap-northeast-2.amazonaws.com/aeeb505e-feed.png', '', 35.9503452570003, '웨스턴라이프호텔', 126.97598541619351, 1, 6, 56),
	(193, '전북특별자치도 익산시 용안면 난포리 313-13', '금강변에 조성된 아름다운 생태습지', 'https://naroubucket.s3.ap-northeast-2.amazonaws.com/6945a396-feed.png', '', 36.13397622124286, '용안생태습지공원', 126.92930859456045, 1, 7, 56),
	(194, '전북특별자치도 익산시 황등면 황등리 902-11', '토렴된 밥에 각종 나물이 어우러진 비빔밥', 'https://naroubucket.s3.ap-northeast-2.amazonaws.com/048f3a08-feed.png', '', 36.005871926761, '진미식당', 126.94487838349902, 1, 8, 56),
	(195, '제주특별자치도 제주시 외도일동 418-11', '존맛탱. 공항 근처니까 꼭 들리세요. 차에서 먹는 주전부리로 최고.', 'https://naroubucket.s3.ap-northeast-2.amazonaws.com/8a7a9d9f-feed.png', '', 33.4925495753769, '제주명품쑥빵보리빵', 126.430653500556, 1, 1, 57),
	(196, '제주특별자치도 제주시 한림읍 동명리 1715', '폐공장에서 카페로 변모한 곳', 'https://naroubucket.s3.ap-northeast-2.amazonaws.com/31a47645-feed.png', '', 33.40777177080081, '앤트러사이트 제주한림점', 126.25814964765202, 1, 2, 57),
	(197, '제주특별자치도 제주시 한경면 신창리 301', '숨어있으니 잘 찾아가야 됨. 마감을 빨리 하니 너무 늦지 않게 가세요.', 'https://naroubucket.s3.ap-northeast-2.amazonaws.com/23c08ae1-feed.png', '', 33.3497486139127, '3인칭관찰자시점', 126.18119997018302, 1, 3, 57),
	(198, '제주특별자치도 제주시 한경면 신창리 1293-1', '오션뷰의 큰 창문이 유명한 카페. 인생샷 건지려면 낮에 가세요. 난 밤에 가서 못 건짐 ㅠㅠ', 'https://naroubucket.s3.ap-northeast-2.amazonaws.com/3ea5d0ed-feed.png', '', 33.3448722920323, '클랭블루', 126.17730111987402, 1, 4, 57),
	(199, '제주특별자치도 제주시 한경면 신창리 1322-1', '풍차 짱 많음. 제주 해안도로 최고', 'https://naroubucket.s3.ap-northeast-2.amazonaws.com/6e011035-feed.png', '', 33.343081026740045, '신창풍차해안도로', 126.17420604655737, 1, 5, 57),
	(200, '제주특별자치도 서귀포시 안덕면 사계리 1586-1', '게하지만 그냥 콘도형 숙소. 친구랑 2인실 야무지게 쓰고 옴.', 'https://naroubucket.s3.ap-northeast-2.amazonaws.com/23be88e5-feed.png', '', 33.23699167041109, '스테이블 게스트하우스', 126.29936970578, 1, 6, 57),
	(201, '제주특별자치도 서귀포시 안덕면 사계리 522-1', '첫 날 게하에서 추천 받은 고기국수 집. 근처라 좋았고 맛있어서 더 좋았음. 해장하기에도 좋았다.', 'https://naroubucket.s3.ap-northeast-2.amazonaws.com/c8653962-feed.png', '', 33.24437894131443, '거멍국수', 126.30440962206518, 2, 1, 57),
	(202, '제주특별자치도 서귀포시 대정읍 상모리', '내 최애사진을 건진 곳..! 남서쪽 가시면 꼭 들리세용~ 날씨 좋아서 산책하기에 너무 좋았음.', 'https://naroubucket.s3.ap-northeast-2.amazonaws.com/ccafc7e4-feed.png', '', 33.1968232389213, '송악산둘레길', 126.293075154019, 2, 2, 57),
	(203, '제주특별자치도 서귀포시 안덕면 서광리 1235-1', '미리 체험을 예약하면 더 좋은 경험을 할 수 있답니다~~ 맛있는 차를 많이 마시고 와서 좋았어요.', 'https://naroubucket.s3.ap-northeast-2.amazonaws.com/c2298dcd-feed.png', '', 33.30591328662082, '오설록 티뮤지엄', 126.28948929546861, 2, 3, 57),
	(204, '제주특별자치도 서귀포시 안덕면 상천리 380', '건물이 참 이쁘게 생겼었다. 볼거리는,,, 적당히 있었다.', 'https://naroubucket.s3.ap-northeast-2.amazonaws.com/0ed937a6-feed.png', '', 33.30377089594179, '본태박물관', 126.39247966305703, 2, 4, 57),
	(205, '제주특별자치도 서귀포시 색달동 1898-1', '마침 부모님도 제주도를 오시는 우연 아닌 우연으로,,, 회를 얻어먹었습니다. 제 친구는 진짜 뽕 뽑았죠 뭐. 여기 맛있었습니다. 퀄리티가 좋았어요.', 'https://naroubucket.s3.ap-northeast-2.amazonaws.com/9b152a8f-feed.png', '', 33.26211833560329, '색달바당', 126.413762410209, 2, 5, 57),
	(206, '제주특별자치도 서귀포시 안덕면 사계리 3593-8', '친구 픽 게하였는데,, 좋았습니다. 아직도 이 때 만난 사람들이랑 연락하고 지내요! 새벽 2시까지 정말 재밌게 떠든 기억이 있네요.', 'https://naroubucket.s3.ap-northeast-2.amazonaws.com/5d84197a-feed.png', '', 33.249553217685516, '양이주택', 126.322522563947, 2, 6, 57),
	(207, '제주특별자치도 서귀포시 안덕면 사계리 86', '사진 이쁘게 나오는 카페~~', 'https://naroubucket.s3.ap-northeast-2.amazonaws.com/704764e9-feed.png', '', 33.239222348615485, '원앤온리', 126.319192490757, 3, 1, 57),
	(208, '제주특별자치도 서귀포시 안덕면 사계리 2820-4', '여긴 양이주택 사장님 픽 맛집..! 진짜 맛있게 먹었다. 갈치조림 짱짱,,,', 'https://naroubucket.s3.ap-northeast-2.amazonaws.com/3df0936e-feed.png', '', 33.231468549725705, '춘미향식당', 126.296525689007, 3, 2, 57),
	(209, '제주특별자치도 서귀포시 안덕면 상창리 271', '3월이라 꽃이 너무 없었다 ㅠㅠ', 'https://naroubucket.s3.ap-northeast-2.amazonaws.com/615e9c7a-feed.png', '', 33.29033656869422, '카멜리아힐', 126.36819010853146, 3, 3, 57),
	(210, '제주특별자치도 제주시 용담2동 2002', '여행의 마무리는 역시 비행기 사진!', 'https://naroubucket.s3.ap-northeast-2.amazonaws.com/4882491b-feed.png', '', 33.5070789578184, '제주국제공항', 126.49276900424401, 3, 4, 57),
	(211, '제주특별자치도 서귀포시 색달동 3039', '수상레저 마니아들이 즐겨찾는 이국적인 해변', 'https://naroubucket.s3.ap-northeast-2.amazonaws.com/094e4c20-feed.png', '', 33.2450381505136, '중문색달해수욕장', 126.41149867488902, 1, 1, 58),
	(212, '제주특별자치도 서귀포시 색달동 2889', '인형과 교감할 수 있는 오픈형 체험전시 테마파크', 'https://naroubucket.s3.ap-northeast-2.amazonaws.com/9da4c0dc-feed.png', '', 33.25029594575548, '테디베어뮤지엄 제주점', 126.412163077718, 1, 2, 58),
	(213, '제주특별자치도 서귀포시 중문동 2624-1', '볼거리와 체험이 가득한 중문관광단지', 'https://naroubucket.s3.ap-northeast-2.amazonaws.com/bc3c14f0-feed.png', '', 33.2458352639585, '제주중문관광단지', 126.420734158755, 1, 3, 58);

-- 테이블 NAROUDB.follow 구조 내보내기
CREATE TABLE IF NOT EXISTS `follow` (
  `followed_id` bigint unsigned NOT NULL,
  `following_id` bigint unsigned NOT NULL,
  `created_time` datetime NOT NULL,
  `activated` tinyint(1) NOT NULL,
  PRIMARY KEY (`followed_id`,`following_id`),
  KEY `following_id_idx` (`following_id`),
  CONSTRAINT `followed_id` FOREIGN KEY (`followed_id`) REFERENCES `member` (`user_id`),
  CONSTRAINT `following_id` FOREIGN KEY (`following_id`) REFERENCES `member` (`user_id`)
) ENGINE=InnoDB DEFAULT CHARSET=utf8mb4 COLLATE=utf8mb4_0900_ai_ci;

-- 테이블 데이터 NAROUDB.follow:~1 rows (대략적) 내보내기
INSERT INTO `follow` (`followed_id`, `following_id`, `created_time`, `activated`) VALUES
	(4, 13, '2024-02-15 15:48:37', 0),
	(8, 8, '2024-02-14 19:33:50', 1);

-- 테이블 NAROUDB.likes 구조 내보내기
CREATE TABLE IF NOT EXISTS `likes` (
  `id` bigint NOT NULL AUTO_INCREMENT,
  `created_time` datetime(6) DEFAULT NULL,
  `modified_time` datetime(6) DEFAULT NULL,
  `article_id` bigint DEFAULT NULL,
  `user_id` bigint DEFAULT NULL,
  PRIMARY KEY (`id`),
  KEY `FK1hlv6urq91y6fqfg6bds5gvp9` (`article_id`),
  CONSTRAINT `FK1hlv6urq91y6fqfg6bds5gvp9` FOREIGN KEY (`article_id`) REFERENCES `article` (`article_id`)
) ENGINE=InnoDB DEFAULT CHARSET=utf8mb4 COLLATE=utf8mb4_0900_ai_ci;

-- 테이블 데이터 NAROUDB.likes:~0 rows (대략적) 내보내기

-- 테이블 NAROUDB.member 구조 내보내기
CREATE TABLE IF NOT EXISTS `member` (
  `user_id` bigint unsigned NOT NULL AUTO_INCREMENT,
  `email` varchar(40) NOT NULL,
  `nickname` varchar(20) NOT NULL,
  `login_type` varchar(20) NOT NULL,
  `profile_image` varchar(200) DEFAULT NULL,
  `introduction` varchar(40) DEFAULT NULL,
  `followers` int unsigned NOT NULL,
  `followings` int unsigned NOT NULL,
  `join_date` datetime NOT NULL,
  `modified_date` datetime NOT NULL,
  PRIMARY KEY (`user_id`),
  UNIQUE KEY `membercol_UNIQUE` (`email`),
  UNIQUE KEY `membercol1_UNIQUE` (`nickname`)
) ENGINE=InnoDB AUTO_INCREMENT=16 DEFAULT CHARSET=utf8mb4 COLLATE=utf8mb4_0900_ai_ci;

-- 테이블 데이터 NAROUDB.member:~15 rows (대략적) 내보내기
INSERT INTO `member` (`user_id`, `email`, `nickname`, `login_type`, `profile_image`, `introduction`, `followers`, `followings`, `join_date`, `modified_date`) VALUES
	(1, 'ojh1105@naver.com', '오주현', 'OAUTH2_USER', 'http://k.kakaocdn.net/dn/kUZt4/btrV7PVBcE0/kld2LHYPXNZONsWzTYxUnk/img_640x640.jpg', '나는 오주햔이다', 50, 55, '2024-02-12 16:01:54', '2024-02-12 16:01:54'),
	(2, 'ohjh4378@gmail.com', '주현짱', 'PASSWORD_USER', 'https://naroubucket.s3.ap-northeast-2.amazonaws.com/jejutangerine.jpg', NULL, 9999, 5000, '2024-02-12 16:26:44', '2024-02-12 16:26:44'),
	(3, '1@gmail.com', '더미1', 'PASSWORD_USER', 'https://naroubucket.s3.ap-northeast-2.amazonaws.com/cafe.jpg', '더미1입니다', 0, 0, '2024-02-13 04:47:18', '2024-02-13 04:47:18'),
	(4, '2@gmail.com', '더미2', 'PASSWORD_USER', NULL, '더미2입니다', 0, 0, '2024-02-13 04:47:58', '2024-02-13 04:47:58'),
	(5, '3@gmail.com', '더미3', 'PASSWORD_USER', NULL, '더미3입니다', 0, 0, '2024-02-13 04:47:58', '2024-02-13 04:47:58'),
	(6, '4@gmail.com', '더미4', 'PASSWORD_USER', NULL, '더미4입니다', 0, 0, '2024-02-13 04:47:58', '2024-02-13 04:47:58'),
	(7, '5@gmail.com', '더미5', 'PASSWORD_USER', NULL, '더미5입니다', 0, 0, '2024-02-13 04:47:58', '2024-02-13 04:47:58'),
	(8, 'mm9326@naver.com', '이우주', 'PASSWORD_USER', 'https://naroubucket.s3.ap-northeast-2.amazonaws.com/505d13fd-profile.png', '나임', 1, 1, '2024-02-13 15:24:32', '2024-02-13 15:24:32'),
	(9, 'ryk365@naver.com', '발루', 'PASSWORD_USER', 'https://naroubucket.s3.ap-northeast-2.amazonaws.com/cfe5b785-되니.jpg', '안녕하세요 정글북 발루입니다. 99999999999', 0, 0, '2024-02-14 09:41:03', '2024-02-14 09:41:03'),
	(10, 'narouauthentication@gmail.com', 'narou service', 'PASSWORD_USER', 'https://naroubucket.s3.ap-northeast-2.amazonaws.com/8ae791d0-profile.png', '안녕하세요 나루 서비스입니다^^', 0, 0, '2024-02-14 10:23:56', '2024-02-14 10:23:56'),
	(11, 'orangejuice4378@gmail.com', '[10기_서울_14반] 오주현', 'OAUTH2_USER', 'https://lh3.googleusercontent.com/a/ACg8ocJfP9TkO8Gag5Ewk9aW7FTL3rntZlGXQi9yAWEL-ima=s96-c', NULL, 0, 0, '2024-02-15 11:04:16', '2024-02-15 11:04:16'),
	(12, 'gabgitalja2166@gmail.com', '손의성', 'OAUTH2_USER', 'https://lh3.googleusercontent.com/a/ACg8ocJKOBYwJ4Yn6wB9nGHdnv-GLEl12673m_KCE6Nfk_I=s96-c', NULL, 0, 0, '2024-02-15 11:23:14', '2024-02-15 11:23:14'),
	(13, 'lsy9752@naver.com', '승빵빵', 'PASSWORD_USER', 'https://naroubucket.s3.ap-northeast-2.amazonaws.com/d9cbd9b0-profile.png', 'team galaxy', 0, 0, '2024-02-15 15:46:34', '2024-02-15 15:46:34'),
	(14, 'doctorson11@naver.com', 'dsqq', 'PASSWORD_USER', 'https://naroubucket.s3.ap-northeast-2.amazonaws.com/a611c496-profile.png', 'sdfdf', 0, 0, '2024-02-15 16:04:11', '2024-02-15 16:04:11'),
	(15, 'maxeeee@naver.com', '왕감자도리', 'PASSWORD_USER', 'https://naroubucket.s3.ap-northeast-2.amazonaws.com/bccd6da3-profile.png', '안녕!', 0, 0, '2024-02-15 16:21:45', '2024-02-15 16:21:45');

-- 테이블 NAROUDB.member_to_chatroom 구조 내보내기
CREATE TABLE IF NOT EXISTS `member_to_chatroom` (
  `member_room_id` bigint unsigned NOT NULL AUTO_INCREMENT,
  `user_id` bigint unsigned NOT NULL,
  `room_id` bigint unsigned NOT NULL,
  `created_time` datetime NOT NULL,
  `modified_time` datetime DEFAULT CURRENT_TIMESTAMP,
  PRIMARY KEY (`member_room_id`),
  KEY `user_room_idx` (`user_id`),
  KEY `room_user_idx` (`room_id`),
  CONSTRAINT `room_user` FOREIGN KEY (`room_id`) REFERENCES `chat_room` (`room_id`),
  CONSTRAINT `user_room` FOREIGN KEY (`user_id`) REFERENCES `member` (`user_id`)
) ENGINE=InnoDB DEFAULT CHARSET=utf8mb4 COLLATE=utf8mb4_0900_ai_ci;

-- 테이블 데이터 NAROUDB.member_to_chatroom:~0 rows (대략적) 내보내기

-- 테이블 NAROUDB.oauth2login 구조 내보내기
CREATE TABLE IF NOT EXISTS `oauth2login` (
  `user_id` bigint unsigned NOT NULL,
  `access_token` varchar(350) NOT NULL,
  `provider` varchar(20) NOT NULL,
  `token_update_time` datetime NOT NULL,
  PRIMARY KEY (`user_id`),
  CONSTRAINT `oauth_user` FOREIGN KEY (`user_id`) REFERENCES `member` (`user_id`)
) ENGINE=InnoDB DEFAULT CHARSET=utf8mb4 COLLATE=utf8mb4_0900_ai_ci;

-- 테이블 데이터 NAROUDB.oauth2login:~0 rows (대략적) 내보내기

-- 테이블 NAROUDB.passwordlogin 구조 내보내기
CREATE TABLE IF NOT EXISTS `passwordlogin` (
  `user_id` bigint unsigned NOT NULL,
  `password` varchar(200) NOT NULL,
  `modified_date` datetime NOT NULL,
  PRIMARY KEY (`user_id`),
  CONSTRAINT `password_user` FOREIGN KEY (`user_id`) REFERENCES `member` (`user_id`)
) ENGINE=InnoDB DEFAULT CHARSET=utf8mb4 COLLATE=utf8mb4_0900_ai_ci;

-- 테이블 데이터 NAROUDB.passwordlogin:~9 rows (대략적) 내보내기
INSERT INTO `passwordlogin` (`user_id`, `password`, `modified_date`) VALUES
	(2, '$2a$10$naeX7YIxL0G1JEwet2go1.e2Z/xCshk1X9VeYoh1lZtY4kkywli7i', '2024-02-12 16:26:44'),
	(3, '$2a$10$naeX7YIxL0G1JEwet2go1.e2Z/xCshk1X9VeYoh1lZtY4kkywli7i', '2024-02-13 05:00:39'),
	(4, '$2a$10$naeX7YIxL0G1JEwet2go1.e2Z/xCshk1X9VeYoh1lZtY4kkywli7i', '2024-02-13 05:01:24'),
	(5, '$2a$10$naeX7YIxL0G1JEwet2go1.e2Z/xCshk1X9VeYoh1lZtY4kkywli7i', '2024-02-13 05:01:24'),
	(6, '$2a$10$naeX7YIxL0G1JEwet2go1.e2Z/xCshk1X9VeYoh1lZtY4kkywli7i', '2024-02-13 05:01:24'),
	(7, '$2a$10$naeX7YIxL0G1JEwet2go1.e2Z/xCshk1X9VeYoh1lZtY4kkywli7i', '2024-02-13 05:01:24'),
	(8, '$2a$10$WYsftGGKoq04wtfS0Hl31ON32EhRZlhFbd9gIo4bmqaQl2Z8UYKzC', '2024-02-13 15:24:32'),
	(9, '$2a$10$Ovr39Ev4xmxYBXiPlx0LIOcvZ7Lh8BeSr1MIbI0iHbEgv8ouCDDaG', '2024-02-14 09:41:03'),
	(10, '$2a$10$aPsXJ.X7QSL.ZI88LHtTKuxh4k2WrzH7vngVXz9ueTSjzY/SgWH/i', '2024-02-14 10:23:56'),
	(13, '$2a$10$tCil0aMdGd91v60YxINi2uFMygT6/d2JKjhYhmNI7qD9yuJsHjWTm', '2024-02-15 15:46:34'),
	(14, '$2a$10$rCbtycn.HDHhNk.YoMFFVeWS2.EToLsjD2QkxbaW4Az0w2gbPQEe6', '2024-02-15 16:04:11'),
	(15, '$2a$10$hI3KZrnUubRoM3eV5hRYOu0I0rmnpQurWdF04xNpp7BNTR97OrKQu', '2024-02-15 16:21:45');

-- 테이블 NAROUDB.refresh_token 구조 내보내기
CREATE TABLE IF NOT EXISTS `refresh_token` (
  `user_id` bigint unsigned NOT NULL,
  `refresh_token` varchar(400) NOT NULL,
  `created_time` datetime NOT NULL,
  PRIMARY KEY (`user_id`),
  CONSTRAINT `refresh_id` FOREIGN KEY (`user_id`) REFERENCES `member` (`user_id`)
) ENGINE=InnoDB DEFAULT CHARSET=utf8mb4 COLLATE=utf8mb4_0900_ai_ci;

-- 테이블 데이터 NAROUDB.refresh_token:~0 rows (대략적) 내보내기

-- 테이블 NAROUDB.scrap 구조 내보내기
CREATE TABLE IF NOT EXISTS `scrap` (
  `id` bigint NOT NULL AUTO_INCREMENT,
  `created_time` datetime(6) DEFAULT NULL,
  `modified_time` datetime(6) DEFAULT NULL,
  `article_id` bigint DEFAULT NULL,
  `user_id` bigint DEFAULT NULL,
  PRIMARY KEY (`id`),
  KEY `FKt4r68omyf9mxqbkvxcejkg1kq` (`article_id`),
  CONSTRAINT `FKt4r68omyf9mxqbkvxcejkg1kq` FOREIGN KEY (`article_id`) REFERENCES `article` (`article_id`)
) ENGINE=InnoDB DEFAULT CHARSET=utf8mb4 COLLATE=utf8mb4_0900_ai_ci;

-- 테이블 데이터 NAROUDB.scrap:~0 rows (대략적) 내보내기

-- 테이블 NAROUDB.tag 구조 내보내기
CREATE TABLE IF NOT EXISTS `tag` (
  `tag_id` bigint NOT NULL AUTO_INCREMENT,
  `tag_name` varchar(255) NOT NULL,
  PRIMARY KEY (`tag_id`)
) ENGINE=InnoDB AUTO_INCREMENT=49 DEFAULT CHARSET=utf8mb4 COLLATE=utf8mb4_0900_ai_ci;

-- 테이블 데이터 NAROUDB.tag:~15 rows (대략적) 내보내기
INSERT INTO `tag` (`tag_id`, `tag_name`) VALUES
	(1, '남산타워'),
	(2, '이태원'),
	(3, '영종도'),
	(4, '국내여행'),
	(5, '맛집여행'),
	(6, '제주도'),
	(7, '로드트립'),
	(8, '서울여행'),
	(9, '해운대'),
	(10, '잠실'),
	(11, '등산여행'),
	(12, '강릉'),
	(13, '호캉스'),
	(14, '우정여행'),
	(15, '명동'),
	(16, '강남'),
	(17, '홍대'),
	(18, '대전'),
	(19, '제주'),
	(20, '2박3일'),
	(21, '성수'),
	(22, '맛집'),
	(23, '가평'),
	(24, '2호선'),
	(25, '건대'),
	(26, '서울'),
	(27, '역삼'),
	(28, '밤샘'),
	(29, '24시카페'),
	(30, '카레'),
	(31, '부산'),
	(32, '선릉'),
	(33, '고기'),
	(34, '양꼬치'),
	(35, '회식'),
	(36, '2차'),
	(37, '3차'),
	(38, '불금'),
	(39, '세종'),
	(40, '개포동'),
	(41, '돼지'),
	(42, '전라남도'),
	(43, '일원동'),
	(44, '일원'),
	(45, '먹자골목'),
	(46, '인천'),
	(47, '식도락'),
	(48, '예카');

/*!40103 SET TIME_ZONE=IFNULL(@OLD_TIME_ZONE, 'system') */;
/*!40101 SET SQL_MODE=IFNULL(@OLD_SQL_MODE, '') */;
/*!40014 SET FOREIGN_KEY_CHECKS=IFNULL(@OLD_FOREIGN_KEY_CHECKS, 1) */;
/*!40101 SET CHARACTER_SET_CLIENT=@OLD_CHARACTER_SET_CLIENT */;
/*!40111 SET SQL_NOTES=IFNULL(@OLD_SQL_NOTES, 1) */;
